Nombre,Precio,Cantidad Ventas,Calificacion Producto,Cantidad Opiniones,Vendedor,Descripcion,Rating Vendedor,Comentarios
Xiaomi POCO Poco X6 Pro 5G Dual SIM 512 GB negro 12 GB RAM,1304900,1000,4.9,2095,CELUMOVIL STORE,"Fotograf√≠a profesional en tu bolsilloDescubre infinitas posibilidades para tus fotos con las 3 c√°maras principales de tu equipo. Pon a prueba tu creatividad y juega con la iluminaci√≥n, diferentes planos y efectos para obtener grandes resultados.Adem√°s, el dispositivo cuenta con c√°mara frontal de 16 Mpx para que puedas sacarte divertidas selfies o hacer videollamadas.Experiencia visual incre√≠bleMira tus series y pel√≠culas favoritas con la mejor definici√≥n a trav√©s de su pantalla AMOLED de 6.67"". Disfruta de colores brillantes y detalles precisos en todos tus contenidos.Capacidad y eficienciaCon su potente procesador y memoria RAM de 12 GB tu equipo alcanzar√° un alto rendimiento con gran velocidad de transmisi√≥n de contenidos y ejecutar√° m√∫ltiples aplicaciones a la vez sin demoras.Desbloqueo facial y dactilarM√°xima seguridad para que solo t√∫ puedas acceder al equipo. Podr√°s elegir entre el sensor de huella dactilar para habilitar el tel√©fono en un toque, o el reconocimiento facial que permite un desbloqueo hasta un 30% m√°s r√°pido.Bater√≠a de duraci√≥n superior¬°Desench√∫fate! Con la s√∫per bater√≠a de 5000 mAh tendr√°s energ√≠a por mucho m√°s tiempo para jugar, ver series o trabajar sin necesidad de realizar recargas.",5,"Una bestia de celular, corre todos los juegos a 60 y 129 fps le hice pruebas en antutu y marco 1384522, no solo eso su c√°mara se defiende muy bien en sitios donde hay luz y la calidad de video es una locura para el precio que tiene es lo mejor del mercado. Es un dispositivo muy poderoso,muchas gracias. "
Nintendo Switch Oled 64gb Standard Color Rojo Azul Ne√≥n Color Rojo ne√≥n/Azul ne√≥n/Negro,1189900,1000,4.9,1919,CELUMOVIL STORE,"La consola Switch ofrece entretenimiento diario con tecnolog√≠a dise√±ada para desafiar a jugadores de todos los niveles. Es una de las consolas m√°s vers√°tiles gracias a su capacidad para usarse tanto en modo port√°til como conectada a un televisor. Este modelo combina la comodidad de la tecnolog√≠a avanzada en un dispositivo port√°til, ideal para juegos y contenido en l√≠nea.Los Joy-con incluyen botones para captura de pantalla y una c√°mara infrarroja que mide distancias y detecta formas.Adaptada a tus necesidades, permite almacenar aplicaciones, fotos, videos y m√°s en su disco duro de 64 GB. Con un procesador de 8 n√∫cleos y un procesador gr√°fico, ofrece una experiencia din√°mica, respuestas r√°pidas y transiciones suaves de im√°genes en alta definici√≥n.Cuenta con puerto USB y salida HDMI para conectar accesorios y cargar la bater√≠a del control mientras juegas.Permite reproducir m√∫sica y ver pel√≠culas y series mediante aplicaciones descargables.Aviso legal‚Ä¢ La duraci√≥n de la bater√≠a depende del uso que se le d√© al producto.",5,
Tarjeta de video Nvidia MSI  Ventus 2X GeForce RTX 40 Series RTX 4060 GeForce RTX 4060 VENTUS 2X BLACK 8G OC Black OC Edition 8GB,1469900,100,4.9,78,TAURET.COMPUTADORES,"Este componente electr√≥nico procesa la informaci√≥n que llega al dispositivo y los transforma en im√°genes o videos para mostrarla visualmente. Es ideal para trabajar con aplicaciones gr√°ficas ya que permite obtener im√°genes m√°s n√≠tidas.Nvidia es el fabricante l√≠der de placas de video; su calidad asegura una experiencia positiva en el desarrollo del motor gr√°fico de tu computadora. Adem√°s, sus procesadores usan tecnolog√≠a de punta para que puedas disfrutar de un producto veloz y duradero.  En el menor tiempo posibleCon una velocidad de memoria de 17 MHz los datos del procesador central se van a traducir en informaci√≥n comprensible en tan solo un abrir y cerrar de ojos. Esta placa de video trabajar√° con rapidez para maximizar el tiempo real.  Velocidad en cada lecturaCuenta con 3072 n√∫cleos, por lo que la interfaz de la placa ser√° algo sorprendente. Este tipo de estructura es apropiado para el procesamiento de tecnolog√≠as m√°s complejas y modernas caracterizadas por grandes vol√∫menes de datos. Calidad de imagenCriterio fundamental a la hora de elegir una placa de video, su resoluci√≥n de 7680x4320 no te defraudar√°. La decodificaci√≥n de los p√≠xeles en tu pantalla te har√°n ver hasta los detalles m√°s √≠nfimos en cada ilustraci√≥n.",5,"Genial rendimiento y eso que no he actualizado la placa base y el procesador, una gr√°fica muy buena para jugar en 1080p en gr√°ficos altos/ ultra y entre 80 y 120 fps‚Ä¶ una joya. Excelente gr√°fica, yo pas√© de tener una gtx 1050 ti a esta rtx 4060 y la verdad para los juegos que me gustan que son muy pocos, para mi est√° m√°s que bien."
Hot Wheels City Pista De Juguete Ultimate Garage Escala 1:64 Color Multicolor,577900,100,4.9,28,MATTEL COLOMBIA,"Hot Wheels City Pista De Juguete Ultimate Garage Escala 1:64 Color Multicolor. EMOCI√ìN y aventuras: compite en carreras, haz acrobacias y combate con un drag√≥n en el set de juego City Ultimate Garage de varios niveles de Hot Wheels‚Ñ¢ City.PISTA PARA AUTOS en la que el primer piso cuenta con geniales detalles de juego en pistas, como mangueras m√≥viles, un lavado de veh√≠culos con un rodillo de espuma, mecanismos de desv√≠o y conectores para otros sets de juego (se venden por separado).JUEGO M√öLTIPLE: lleva el ascensor para dos veh√≠culos al siguiente nivel, donde los ni√±os pueden lanzar los 2 autos Hot Wheels¬Æ incluidos directamente desde el ascensor hacia una carrera en paralelo.Explora los cuatro niveles de carreras, acrobacias e historias con City Ultimate Garage de Hot Wheels‚Ñ¢. Cada nivel del garaje inspira aventuras de juego en pistas, incluidas carreras en paralelo, acrobacias de bucle y una batalla √©pica con un drag√≥n que come veh√≠culos. El set de juego cuenta con dos veh√≠culos Hot Wheels¬Æ y tiene suficiente espacio de estacionamiento para m√°s de 50 veh√≠culos a escala 1:64. Tambi√©n se conecta con otros sets de pistas de carreras para que los ni√±os puedan construir su Hot Wheels‚Ñ¢ City. Los sets adicionales se venden por separado. Los colores y las decoraciones pueden variar.M√°s detalles: Peso del paquete: 7.69 KgMedidas del paquete: 60.96x76.2x20.003 cm.Modelo: HKX48Edad m√≠nima: 4 a√±osIncluye 1 set Ultimate Garage de Hot Wheels‚Ñ¢ City con 2 veh√≠culos Hot Wheels¬Æ a escala 1:64.Requiere bater√≠a: NoRequiere montaje: S√≠ADVERTENCIA: Contiene o puede generar partes peque√±as que pueden causar asfixia'.Aviso legal‚Ä¢ Edad m√≠nima recomendada: 4 a√±os.",5,Excelente tal y como lo esperaba. Muy buen producto. Exelente producto tal y como va en la imagen y de muy bna calidad mi hijo juega horas con el.
Jbl Partybox Encore Essential - Altavoz De Fiesta Color Negro 110V,909900,100,4.8,85,IXCOMERCIO COLOMBIA,"JBL PartyBox Encore Essential - Altavoz port√°til para fiestasMarca: JBLModelo: JBL PartyBoxTipo de altavoz: CoaxialTecnolog√≠a de conectividad: BluetoothCaracter√≠sticas especiales: Emparejamiento est√©reo, Resistente al aguaSobre este art√≠culo:- Sonido JBL Original Pro con graves intensos.- Espect√°culo de luces din√°mico con luz de anillo y efecto estrobosc√≥pico que se sincroniza con la m√∫sica.- Hasta 6 horas de reproducci√≥n de m√∫sica.- Resistencia a salpicaduras IPX4, adecuado para eventos al aire libre.- Posibilidad de conectar dos altavoces inal√°mbricamente mediante la tecnolog√≠a True Wireless Stereo (TWS) para una experiencia auditiva potenciada.Aviso legal‚Ä¢ La duraci√≥n de la bater√≠a depende del uso que se le de al producto.",5,"Muy buena relaci√≥n precio calidad y potencia, aunque la portabilidad no es su fuerte, destaca la calidad de sonido, la iluminaci√≥n, la bien que suena para caraoke. Muy buena compra. En una promoci√≥n lo consegu√≠ en 950. 000. Excelente producto."
Aud√≠fonos Sony Bluetooth Noise Cancelling | Wh-1000xm5 Color Negro,1187900,1000,4.8,726,SONY COLOMBIA,"Los aud√≠fonos WH-1000XM5 brindan una experiencia auditiva sin distracciones y claridad en las llamadas. Dos procesadores gestionan los m√∫ltiples micr√≥fonos para proporcionar un sistema de cancelaci√≥n de ruido avanzado, mientras que el optimizador de cancelaci√≥n de ruido se ajusta autom√°ticamente seg√∫n el entorno y el uso de los aud√≠fonos. La unidad de diafragma de 30 mm est√° dise√±ada para entregar una calidad de sonido superior.- Cancelaci√≥n de ruido de vanguardia con dos procesadores de alto rendimiento y ocho micr√≥fonos.- Sonido de alta calidad gracias a la unidad de diafragma de 30 mm.- Claridad en las llamadas con micr√≥fonos multidireccionales y sistema de reducci√≥n de ruido con inteligencia artificial.",5,"Nunca tuve la oportunidad de usar unos aud√≠fonos con cancelaci√≥n de sonido, y la experiencia que he tenido desde que compr√© este producto ha sido reveladora. Estoy seguro que existen mejores aud√≠fonos que este, pero la verdad es que teniendo este set no se requiere nada m√°s. El sonido es ecualizable (como ya otros han comentado) y esto solo es una de las tantas caracter√≠sticas y prestaciones que sony pone en manos del usuario. El estuche, el comfort y la construcci√≥n del set es tope de gama. No soy experto en sonido, ni audiofilo, pero para alguien de a pie, como yo, la verdad es que puedo decir sin duda que vale la pena cada peso que se invierte. Son unos aud√≠fonos que te van a durar a√±os si los cuidas bien y que, si realmente requieres mejor calidad, puedes toquetearlos con la aplicaci√≥n para que se acomode a tus gustos. Te dan una prueba de 3 meses gratis en tidal y eso es algo que se agradece tambi√©n porque all√≠ puedes sacarles a√∫n m√°s jugo al set con tracks 360, por ejemplo. El que tenga el presupuesto y tenga dudas, que no lo piense m√°s, comprenlos. Van as entirse totalmente satisfechos. Super recomendados, son c√≥modos, le dura mucho la bater√≠a y cargan super r√°pido.
En el tema del audio es importante usarlos despu√©s de configurar la aplicaci√≥n nativa de sony, ya que la ecualizaci√≥n que trae por defecto no es la mejor. Me llev√© una grata sorpresa al ver que hay foros de personas que comparten sus configuraciones de audio para sacarle el m√°ximo rendimiento.
--mi recomendaci√≥n--.
Si solo los vas a usar para escuchar m√∫sica v√≠a bluetooth, o solo quieres escuchar m√∫sica por youtube o spotify incluso redes sociales con los xm4 es m√°s que suficiente.
Para sacarle el 100% se deben usar por cables y usar aplicaciones como tidal.
Si la cancelaci√≥n de ruido es lo que buscas, estos aud√≠fonos son los mejores que eh probado."
Xiaomi POCO Poco X6 Pro 5G Dual SIM 512 GB amarillo 12 GB RAM,1304900,1000,4.9,2095,CELUMOVIL STORE,"Fotograf√≠a profesional en tu bolsilloDescubre infinitas posibilidades para tus fotos con las 3 c√°maras principales de tu equipo. Pon a prueba tu creatividad y juega con la iluminaci√≥n, diferentes planos y efectos para obtener grandes resultados.Adem√°s, el dispositivo cuenta con c√°mara frontal de 16 Mpx para que puedas sacarte divertidas selfies o hacer videollamadas.Experiencia visual incre√≠bleMira tus series y pel√≠culas favoritas con la mejor definici√≥n a trav√©s de su pantalla AMOLED de 6.67"". Disfruta de colores brillantes y detalles precisos en todos tus contenidos.Capacidad y eficienciaCon su potente procesador y memoria RAM de 12 GB tu equipo alcanzar√° un alto rendimiento con gran velocidad de transmisi√≥n de contenidos y ejecutar√° m√∫ltiples aplicaciones a la vez sin demoras.Desbloqueo facial y dactilarM√°xima seguridad para que solo t√∫ puedas acceder al equipo. Podr√°s elegir entre el sensor de huella dactilar para habilitar el tel√©fono en un toque, o el reconocimiento facial que permite un desbloqueo hasta un 30% m√°s r√°pido.Bater√≠a de duraci√≥n superior¬°Desench√∫fate! Con la s√∫per bater√≠a de 5000 mAh tendr√°s energ√≠a por mucho m√°s tiempo para jugar, ver series o trabajar sin necesidad de realizar recargas.",5,"Una bestia de celular, corre todos los juegos a 60 y 129 fps le hice pruebas en antutu y marco 1384522, no solo eso su c√°mara se defiende muy bien en sitios donde hay luz y la calidad de video es una locura para el precio que tiene es lo mejor del mercado. Es un dispositivo muy poderoso,muchas gracias. "
Impresora multifunci√≥n a color Epson EcoTank l5590 con wifi 110V,1179900,500,4.7,180,Epson,"Epson busca que sus clientes obtengan el m√°ximo provecho de sus productos. Por ello, brinda soluciones de impresi√≥n con una amplia gama de dispositivos que cubren todos los usos y necesidades, tanto en casa como en el trabajo.Eficiencia y calidadImprime archivos, escanea documentos y haz todas las fotocopias que necesites con esta impresora multifunci√≥n Epson, siempre lista para facilitar tu rutina de trabajo o estudio.Perfecta para tu hogar o la oficinaAl ser a tinta te permitir√° lograr impresiones de gran calidad con colores vivos y degradados suaves. Ocupa poco espacio y es f√°cil de manejar lo que la convierte en la opci√≥n ideal para cuestiones laborales, tareas escolares y requerimientos de la vida diaria.Conectividad m√≥vilAhora puedes imprimir f√°cilmente desde tu celular o tablet sin importar en donde te encuentres y sin la asistencia de una computadora. Disfruta de sus soluciones de impresi√≥n m√≥vil, utiliza la que m√°s te guste y ten tus documentos en solo segundos.",5,"Hasta el momento todo marcha muy bien, gracias a dios!! epson siempre ser√° una buena elecci√≥n! la uso en mi negocio, para los que se encuentran con dudas sobre si o no les funcionar√≠a!. Muy buen producto, lo recomiendo epson las mejores m√°quinas en impresi√≥n."
Nintendo Switch Oled 64gb Color Blanco/negro,1189900,1000,4.9,1919,CELUMOVIL STORE,Aviso legal‚Ä¢ La duraci√≥n de la bater√≠a depende del uso que se le d√© al producto.,5,"Esta version del nintendo switch es del reino unido, por ende su toma corriente es incompatible con mas conexiones de colombia.
Con un adaptador universal funciona perfectamente, sin embargo es importante mencionar que hace falta uno para probar el equipo.
La caja viene sellada y en perfecto estado. El equipo funciona perfectamente y es tal cual lo publicitado. Compr√© este producto para remplazar a mi antiguo nintendo switch y adem√°s para que el color hiciera juego con mi ps5 (aunque el blanco del nintendo switch es un poco m√°s tirando a blanco hueso). Es incre√≠ble la duraci√≥n de la bater√≠a de esta versi√≥n y me gusta mucho que el dock traiga la tarjeta de red al√°mbrica ya incorporada. Otro detalle interesante es que el soporte posterior de la consola en modo port√°til es r√≠gido y de mejor calidad que en la anterior versi√≥n.
Algo a tener en cuenta es que el nintendo switch que compr√© era versi√≥n europea y me toc√≥ conseguir un convertidos para conectarlo al toma corriente. La verdad estoy muy contento con la compra."
Impresora multifunci√≥n a color Brother InkBenefit Tank DCP-T520W con wifi 110/220V,590000,500,4.7,245,NEW TECNOLOGIES,"Brother ofrece productos de alta calidad y con excelentes soluciones de impresi√≥n, que pueden ser utilizados tanto en hogares, como en oficinas.Eficiencia y calidadImprime archivos, escanea documentos y haz todas las fotocopias que necesites con esta impresora multifunci√≥n Brother, siempre lista para facilitar tu rutina de trabajo o estudio.Perfecta para tu hogar o la oficinaAl ser a tinta te permitir√° lograr impresiones de gran calidad con colores vivos y degradados suaves. Ocupa poco espacio y es f√°cil de manejar lo que la convierte en la opci√≥n ideal para cuestiones laborales, tareas escolares y requerimientos de la vida diaria.",5,"Muy buen producto, algunas caracteristicas que no se suelen mencionar son: trae 5 botellas de tinta 2 negras y 3 de color, la tinta dura una eternidad, se puede imprimir desde el correo, permite impresion en papel grueso por la bandeja trasera, es dificil que se desconecte, tiene funciones como modo poster, copia expandida, etc. Muy buen producto y buena relaci√≥n calidad precio, la pude conectar tanto en el pc como en el celular, lo √∫nico que recomiendo a la hora de configurarla al wifi es no tener activada la se√±al 5g del internet sino la normal, ya que no reconocer√≠a, esto me llevo un buen rato interpretarlo pero de resto es una excelente opci√≥n, muy recomendada."
"HOT WHEELS City, Remolque de Carreras, Pista de Juguete, con 3 Veh√≠culos a Escala, 4+ A√±os",668970,500,4.9,121,REDES YSUMINISTROS,"REMOLQUE DE CARRERAS. Guarda los Hot Wheels y organiza carreras con un solo juguete. El remolque tiene espacio para transportar y almacenar hasta 25 veh√≠culos Hot Wheels y se convierte en una pista de 1.83 m para hacer carreras velocesDIVERSI√ìN EN CUALQUIER LUGAR. El remolque es f√°cil de transportar para llevar la diversi√≥n a todos lados. Al convertirlo en pista, los veh√≠culos sin usar se mantienen visibles en la parte de abajo mientras que el cami√≥n se convierte en un lanzador dobleMUCHAS MANERAS DE JUGAR. Los ni√±os pueden llenar el remolque con sus veh√≠culos favoritos o jalar la palanca posterior para convertirlo en una pista de carreras. Adem√°s, se puede conectar a otras pistas de Hot Wheels City (vendidas por separado)La pista de juguete Remolque de Carreras de Hot Wheels redefine el concepto de almacenamiento y carreras. Cuando los ni√±os jalan la palanca posterior, el transportador se convierte en una pista de carreras de 1.83 m y la cabina del cami√≥n en un lanzador doble. El remolque multifuncional viene con tres veh√≠culos Hot Wheels a escala 1:64 y puede almacenar 20 m√°s (se venden por separado). Proporciona diversi√≥n ilimitada para ni√±os de 4 a 8 a√±os. Los colores y las decoraciones pueden variar.M√°s detalles: Peso del paquete: 0.74 KgMedidas del paquete: 45.8x8.7x20.78 cm.Modelo: GVG37Edad recomendada: 4 a√±osIncluye: Incluye 1 Transportador Semirremolque, Lanzadores De Cabina Doble, 3 Veh√≠culos Hot Wheels¬Æ A Escala 1:64, Pista De 1.83 M, Desviadores Y Puntos De Conexi√≥n.Requiere bater√≠a: NoRequiere montaje: NOADVERTENCIA: Contiene o puede generar partes peque√±as que pueden causar asfixiaSujeto a existenciasAviso legal‚Ä¢ Edad m√≠nima recomendada: 4 a√±os.",5,"Supero mis espectativas, es s√∫per grande y bastante divertido. Espectacular mi hijo est√° feliz."
Hidrolavadora Electrica TRENT HLT307 1400W Alta presion 1600 Psi 110 Bar,1299900,1000,4.8,1443,TIENDASOFICIALESCOL,"Optimiza tus tareas de limpieza con esta hidrolavadora TRENT, combinando potencia y seguridad en un dise√±o eficiente.CARACTER√çSTICAS:‚Ä¢ Potencia: 1400W.‚Ä¢ Presi√≥n m√°xima: 1600 psi - 110 bar.‚Ä¢ Caudal m√°ximo: 6.5 L/min.‚Ä¢ Rendimiento de limpieza de 20 a 40 m2/h.‚Ä¢ Tecnolog√≠a AutoStop para mayor seguridad y eficiencia.‚Ä¢ Motor: Tres Pistones de acero inoxidable.‚Ä¢ Temperatura m√°xima agua entrante: 50¬∞ C.‚Ä¢ Nivel de ruido: 92 dB(A).‚Ä¢ Certificaci√≥n el√©ctrica: Asegur√°ndote confiabilidad y seguridad en cada uso.‚Ä¢ Alimentaci√≥n: 127 V ~ 60 Hz‚Ä¢ Clase de protecci√≥n: IPX5‚Ä¢ Aislamiento: Clase IIINCLUYE:‚Ä¢ Pistola de alta presi√≥n con Lanza ajustable.‚Ä¢ Botella de detergente.‚Ä¢ Manguera de alta presi√≥n de 5 metros.‚Ä¢ Cable de conexi√≥n de 5 metros.‚Ä¢ Soportes.‚Ä¢ Filtro de entrada.‚Ä¢ Pin limpiador de boquilla.‚Ä¢ Conector r√°pido de Manguera est√°ndar 1/2¬®pulgada""Nota: El producto no incluye manguera de entrada de agua, dep√≥sito interno de agua ni detergente. La lanza no es telesc√≥pica y el producto no es sumergible en agua, se debe utilizar solo con agua corriente de grifo.¬°Transforma tu limpieza hoy!",5,"Est√° muy bien,f√°cil de armar, tiene buena presi√≥n, f√°cil de transportar. Excelente m√°quina tiene mucha fuerza es incre√≠ble y el costo en promoci√≥n excelente, muy muy contento con el producto funciona a la perfecci√≥n."
Port√°til Asus Tuf Gaming F15 Intel Core I5 12500h 24gb 512gb Color Gris,149900,25,5.0,6,MATTEL COLOMBIA,Aviso legal‚Ä¢ La duraci√≥n de la bater√≠a depende del uso que se le d√© al producto.,5,De lo mejor en portatiles que hay.
Hidrolavadora Electrica Trent Hlt203 1400w Alta Presion 1600 Psi 110 Bar Con Accesorios By Femmto,228479,5000,4.8,2729,TRENT,"Optimiza tus tareas de limpieza con esta hidrolavadora, combinando potencia y seguridad en un dise√±o eficiente.CARACTER√çSTICAS:‚Ä¢ Potencia: 1400W.‚Ä¢ Presi√≥n m√°xima: 1600 psi - 110 bar.‚Ä¢ Caudal m√°ximo: 6.5 L/min.‚Ä¢ Rendimiento de limpieza de 20 a 40 m2/h.‚Ä¢ Tecnolog√≠a AutoStop para mayor seguridad y eficiencia.‚Ä¢ Motor: Tres Pistones de acero inoxidable.‚Ä¢ Temperatura m√°xima agua entrante: 50¬∞ C.‚Ä¢ Nivel de ruido: 92 dB(A).‚Ä¢ Certificaci√≥n el√©ctrica: Asegur√°ndote confiabilidad y seguridad en cada uso.‚Ä¢ Alimentaci√≥n: 127 V ~ 60 Hz‚Ä¢ Clase de protecci√≥n: IPX5‚Ä¢ Aislamiento: Clase IIINCLUYE:‚Ä¢ Pistola de alta presi√≥n con Lanza ajustable.‚Ä¢ Botella de detergente.‚Ä¢ Manguera de alta presi√≥n de 5 metros.‚Ä¢ Cable de conexi√≥n de 5 metros.‚Ä¢ Soportes.‚Ä¢ Filtro de entrada.‚Ä¢ Pin limpiador de boquilla.‚Ä¢ Conector r√°pido de Manguera est√°ndar 1/2¬®pulgada"" hacia la Hidrolavadora (No incluye conector de manguera a grifo)Nota: El producto no incluye manguera de entrada de agua, dep√≥sito interno de agua ni detergente. La lanza no es telesc√≥pica y el producto no es sumergible en agua, se debe utilizar solo con agua corriente de grifo.¬°Transforma tu limpieza hoy!",5,Excelente producto lo recomiendo y es economico. Es un producto excelente. Cumple toda la funci√≥n y tiene una potencia muy buena. Lo recomiendo.
Aud√≠fonos Inal√°mbricos Con Noise Cancelling Wh-ch720n Color Negro,379900,500,4.8,342,FEMMTO COLOMBIA,"Aud√≠fonos inal√°mbricos WH-CH720N con funci√≥n de cancelaci√≥n de ruido activa, ofrecen hasta 35 horas de duraci√≥n de bater√≠a y calidad de sonido superior. Incluyen llamadas con claridad y una serie de funciones para un uso c√≥modo. Cuentan con carga r√°pida para una experiencia musical ininterrumpida.- Cancelaci√≥n de ruido con tecnolog√≠a de sensor dual y procesador V1 integrado- Dise√±o confortable y ligero- Hasta 35 horas de bater√≠a con opci√≥n de carga r√°pida",5,"Recomendadisimo, eso si, yo lo agarr√© en una oferta del 53% de descuento, porque a pesar de que suene de maravilla, la bateria dure mucho, sean livianos, y puedas conectarlos al portatil y puedas moverte por toda la casa sin interferencias en la conexion bluetooth, he de admitir que el precio base es elevado para mi, pero si lo ven en una oferta muy buena recomiendo si o si comprarlo. Lo unico decepcionante en parte fue que la cancelacion de ruido no me cancela completamente el ruido, osea, es la primera vez que pruebo unos asi, pero yo crei que la cancelacion de ruido literalmente te aislaba muchisimo del ruido de fuera, y lo hace, no me malentiendan, pero pero yo crei que sin siquiera estar reproduciendo musica el ruido y musica del exterior se escucharian casi nada. Igual para ser mis primeros audifonos inalambricos con noise cancelling me siento muy feliz con ellos. Creo que la relaci√≥n precio calidad es buena si los compras con el 50% de descuento como fue mi caso, si no ser√≠a un producto sobrevalorado. El sonido es bueno para mi uso (videoconferencias) pero para un mel√≥mano creo que no ser√≠a el modelo adecuado, adicionalmente porque la almohadilla produce calor bastante r√°pido, no es un headset para usar m√°s de 1 o 2 horas continuas."
Xiaomi Redmi 13C Dual SIM 256 GB midnight black 8 GB RAM,3299000,1000,4.7,3552,TECNOPLAZA COLOMBIA,"Fotograf√≠a profesional en tu bolsilloDescubre infinitas posibilidades para tus fotos con las 3 c√°maras principales de tu equipo. Pon a prueba tu creatividad y juega con la iluminaci√≥n, diferentes planos y efectos para obtener grandes resultados.Adem√°s, el dispositivo cuenta con c√°mara frontal de 8 Mpx para que puedas sacarte divertidas selfies o hacer videollamadas.Experiencia visual incre√≠bleMira tus series y pel√≠culas favoritas con la mejor definici√≥n a trav√©s de su pantalla Super AMOLED de 6.71"". Disfruta de colores brillantes y detalles precisos en todos tus contenidos.Capacidad y eficienciaCon su potente procesador y memoria RAM de 8 GB tu equipo alcanzar√° un alto rendimiento con gran velocidad de transmisi√≥n de contenidos y ejecutar√° m√∫ltiples aplicaciones a la vez sin demoras.Desbloqueo facial y dactilarM√°xima seguridad para que solo t√∫ puedas acceder al equipo. Podr√°s elegir entre el sensor de huella dactilar para habilitar el tel√©fono en un toque, o el reconocimiento facial que permite un desbloqueo hasta un 30% m√°s r√°pido.Bater√≠a de duraci√≥n superior¬°Desench√∫fate! Con la s√∫per bater√≠a de 5000 mAh tendr√°s energ√≠a por mucho m√°s tiempo para jugar, ver series o trabajar sin necesidad de realizar recargas.",5,"Buen tel√©fono relaci√≥n calidad precio, muy bueno para uso diario para una persona que solo usen redes sociales y una que otra cosa b√°sica, por el precio es el de mejor especificaciones. Muy buen producto."
Impresora Multifunci√≥n a color Epson EcoTank L4260 con wifi Negro,193956,100,4.8,26,FEMMTO COLOMBIA,"Epson busca que sus clientes obtengan el m√°ximo provecho de sus productos. Por ello, brinda soluciones de impresi√≥n con una amplia gama de dispositivos que cubren todos los usos y necesidades, tanto en casa como en el trabajo.Eficiencia y calidadImprime archivos, escanea documentos y haz todas las fotocopias que necesites con esta impresora multifunci√≥n Epson, siempre lista para facilitar tu rutina de trabajo o estudio.Perfecta para tu hogar o la oficinaAl ser a tinta te permitir√° lograr impresiones de gran calidad con colores vivos y degradados suaves. Ocupa poco espacio y es f√°cil de manejar lo que la convierte en la opci√≥n ideal para cuestiones laborales, tareas escolares y requerimientos de la vida diaria.",5,Bien producto. Empaque y tintas originales. Hasta el momento me ha funcionado bien. Excelente calidad de impresi√≥n. Muy bien todo. Imprime muy lindos los colores.
Tenis adidas Court Ie0927 adidas,339900,50,5.0,5,SONY COLOMBIA,"Su silueta moderna y estilizada le da a estas zapatillas adidas una perspectiva moderna de la vida diaria. Lucen una parte superior sint√©tica flexible montada sobre una suela de caucho para un agarre s√≥lido. Su look atemporal combina con todo para ofrecer versatilidad con estilo.Hecha con una serie de materiales reciclados, esta parte superior incorpora al menos un 50% de contenido reciclado. Este producto representa solo una de nuestras soluciones para ayudar a poner fin a los residuos pl√°sticos.PREGUNTAS FRECUENTES:ART√çCULOS UNISEX √≥ SIN GENERO‚Ä¢ Para calzado, recomendamos revisar la equivalencia en talla americana, US-M (Masculino) | US-F (Femenino), en la gu√≠a de tallas.‚Ä¢ Para vestuario, las prendas unisex se han dise√±ado y etiquetado seg√∫n las tallas para hombre, pero est√°n pensadas para que las use cualquier persona, independientemente de su g√©nero. Si normalmente no usas tallas para hombre, tal vez tengas que pedir una talla distinta a la que usas habitualmente. Verifica las medidas que aparecen en la gu√≠a de tallas.CAMBIOS Y DEVOLUCIONESSi necesitas hacer una devoluci√≥n, por favor considera los siguientes puntos:‚Ä¢ Tienes hasta 30 d√≠as calendario para poder solicitar tu devoluci√≥n, a partir de la fecha de recepci√≥n de tu art√≠culo.‚Ä¢  Si no recibes el art√≠cilo tienes 21 d√≠as a partir de la fecha de compra para solicitar el reembolso del dinero.‚Ä¢  No hacemos cambios de talla, √∫nicamente reembolsos de tu dinero. ‚Ä¢  No aceptamos devoluciones de cubrebocas, tops deportivos, trajes de ba√±o, bodys, shorts de triatl√≥n, calcetines y ropa interior. ‚Ä¢  El producto debe estar nuevo, sin uso, con etiquetas y su caja original. Preferentemente en una bolsa negra donde el producto no sea visible y sellada.Si cumples estos requisitos, es muy f√°cil iniciar tu devoluci√≥n, ten en cuenta los siguientes puntos:En el detalle de la compra que realizaste tienes que seleccionar las siguientes opciones:1. ‚ÄúNecesito ayuda‚Äù.2. ‚ÄúQuiero devolver el producto?‚Äù3. ""Es lo que compr√© pero no me sirve""4. Finalmente selecciona la opci√≥n acorde a tu caso para poder iniciar el proceso de devoluci√≥n. Mercado Libre generar√° una etiqueta de env√≠o para que puedas imprimir y pegues en el paquete embolsado en su empaque original o en una bolsa negra bien sellada. Deber√°s llevar el paquete a la sucursal del Correo que te indicar√°n en la etiqueta.Una vez que recibamos el paquete, se realizar√° la devoluci√≥n del dinero a tu cuenta de Mercado Pago o lo ver√°s reflejado en tu pr√≥ximo resumen de la tarjeta de cr√©dito.ENV√çOS¬°Tu env√≠o ser√° gratis a partir de $90.000 COP!Nos encargaremos de despachar tu producto en cuanto tu pedido est√© confirmado y podr√°s ver el avance de tu pedido a trav√©s del bot√≥n ""Seguir Env√≠o"". TALLASEs importante que revises la Gu√≠a de Tallas antes de realizar la compra para asegurarte de estar eligiendo el producto adecuado. Para verla, haz clic donde dice ‚ÄúGu√≠a de Tallas‚Äù. PREGUNTAS FRECUENTES ‚Ä¢ ¬øSon productos originales? Somos Tienda Oficial de adidas. Todos nuestros productos son 100% originales. ‚Ä¢ ¬øHacen factura B2B? No, s√≥lo realizamos factura a consumidor final. ‚Ä¢ Garant√≠a: Todos nuestros productos cuentan con garant√≠a de f√°brica por 90 d√≠as. ‚Ä¢ ¬øSe puede retirar los productos en tiendas? La tienda oficial de adidas en Mercado Libre solo realiza env√≠os al cliente. ‚Ä¢ ¬øEl producto est√° disponible? S√≠, todos los productos publicados cuentan con inventario disponible. Podr√°s ver la cantidad en cada publicaci√≥n, seleccionando la talla que buscas.",5,"Excelente, muy c√≥modos y de buena calidad."
Hidrolavadora Electrica Trent  HLT407-2000-AC127V 2000w Alta Presion 2175 Psi Amarillo Negro,479940,100,4.8,81,OFFERBUYS,"CARACTER√çSTICAS:‚Ä¢ Potencia: 2000W.‚Ä¢ Presi√≥n m√°xima: 2175 psi - 15MPa.‚Ä¢ Caudal m√°ximo: 7.5 L/min.‚Ä¢ Tecnolog√≠a AutoStop para mayor seguridad y eficiencia.‚Ä¢ Motor: Tres Pistones de acero inoxidable.‚Ä¢ Temperatura m√°xima agua entrante: 50¬∞ C.‚Ä¢ Nivel de ruido: 90 dB(A).‚Ä¢ Certificaci√≥n el√©ctrica: ANCE, Asegur√°ndote confiabilidad y seguridad en cada uso.‚Ä¢ Alimentaci√≥n: 127 V ~ 60 Hz‚Ä¢ Clase de protecci√≥n: IPX5‚Ä¢ Aislamiento: Clase IIINCLUYE:‚Ä¢ Pistola de alta presi√≥n con Lanza ajustable.‚Ä¢ Botella de detergente.‚Ä¢ Carrete con Manguera de alta presi√≥n 8 metros.‚Ä¢ Cable de Conexi√≥n de 5 metros.‚Ä¢ Soportes.‚Ä¢ Filtro de entrada.‚Ä¢ Pin limpiador de boquilla.‚Ä¢ Conector r√°pido de Manguera est√°ndar 1/2¬®pulgada.Nota: El producto no incluye manguera de entrada de agua, dep√≥sito interno de agua ni detergente. La lanza no es telesc√≥pica y el producto no es sumergible en agua, se debe utilizar solo con agua corriente de grifo.¬°Transforma tu limpieza hoy!",5,"Muy bonita lo √∫nico es al moverla, las rueditas se sienten muy malitas. Buen producto lo recomiendo, exelente elecci√≥n costo beneficio. Bueno."
Aud√≠fonos Sony Noise Cancelling Bluetooth Hi-res Wh-1000xm4 Color Azul,954900,500,4.9,1329,IXCOMERCIO COLOMBIA,"Con los WH-1000XM4, solo estar√°s t√∫ y tu m√∫sica. Disfruta de un sonido m√°s puro y menos ruido gracias a la tecnolog√≠a de escucha inteligente que personaliza tu experiencia de manera autom√°tica.Los aud√≠fonos WH-1000XM4 integran nuestro noise cancelling m√°s avanzado con calidad de sonido excepcional y funciones inteligentes para una experiencia de audio superior.Noise cancelling l√≠der del sectorEn vuelos largos o en una cafeter√≠a, los WH-1000XM4 ofrecen un rendimiento de noise cancelling sin precedentes en Sony, anulando frecuencias medias y altas.La tecnolog√≠a que lo hace posibleLa tecnolog√≠a de sensor de ruido dual, con dos micr√≥fonos en cada aud√≠fono, captura el ruido ambiental y transmite los datos al procesador de Noise Cancelling HD QN1. Un nuevo algoritmo aplica un procesamiento de noise cancelling en tiempo real a diversos par√°metros ac√∫sticos y se combina con un nuevo SoC de audio Bluetooth¬Æ para detectar y adaptarse a las se√±ales de m√∫sica y ruido, as√≠ como a la ac√∫stica entre la unidad de diafragma y el o√≠do, m√°s de 700 veces por segundo.Optimizaci√≥n de noise cancellingLos WH-1000XM4 incorporan el optimizador de Noise Cancelling personal y la optimizaci√≥n de la presi√≥n atmosf√©rica, ideales para viajes.Control de sonido ambientalAjusta el sonido ambiente con la aplicaci√≥n Sony - Headphones Connect para cancelar el ruido sin aislarte de sonidos importantes.Libertad sin cables, sonido premiumLDAC transmite el triple de datos que el BLUETOOTH¬Æ convencional, permitiendo disfrutar de contenido de High-Resolution Audio con calidad casi como el audio de una conexi√≥n por cable.Un sonido en el que puedes confiarEl amplificador del procesador de Noise Cancelling HD QN1 ofrece una excelente relaci√≥n se√±al-ruido, reduciendo la distorsi√≥n y proporcionando un sonido excepcional. Los controladores de 40 mm con diafragmas de pol√≠mero de cristal l√≠quido (LCP) son ideales para ritmos graves y reproducen un amplio rango de frecuencias (hasta 40 kHz).Restauraci√≥n en tiempo real de tus archivos comprimidosCon Edge-AI, DSEE Extreme‚Ñ¢ mejora los archivos digitales de m√∫sica comprimida en tiempo real, restaurando frecuencias perdidas y creando una experiencia de escucha m√°s completa.Tecnolog√≠a inteligente de escucha para mejorar tu experienciaLos WH-1000XM4 utilizan tecnolog√≠as inteligentes para una experiencia de audio fluida y manos libres. Al empezar a hablar, pausan tu m√∫sica autom√°ticamente en el modo ""hablar para conversar"". Un sensor de proximidad y dos de aceleraci√≥n detectan cuando te los pones y te los quitas para controlar la reproducci√≥n.M√°s comodidad cada d√≠a: habla para conversarEl modo ""hablar para conversar"" pausa la m√∫sica para que puedas o√≠r el sonido ambiente y conversar.El control de sonido adaptativo se ajusta autom√°ticamente a lo que hagasEl control de sonido adaptativo detecta d√≥nde est√°s y qu√© est√°s haciendo para ajustar el sonido ideal en funci√≥n del ambiente.Aud√≠fonos que reaccionan a tus movimientosLos aud√≠fonos tienen un sensor de proximidad y dos de aceleraci√≥n que detectan cu√°ndo te los pones o te los quitas para controlar la reproducci√≥n y ahorrar bater√≠a.Pausa la m√∫sicaAl quitarte los aud√≠fonos, la m√∫sica se detiene autom√°ticamente.Reanuda la reproducci√≥nAl pon√©rtelos, la m√∫sica se reanuda autom√°ticamente.Quick AttentionColoca la mano sobre el aud√≠fono para bajar el volumen de la m√∫sica y dejar que entre el sonido ambiente.Energ√≠a todo el d√≠a y carga r√°pidaCon 30 horas de duraci√≥n de la bater√≠a, tendr√°s suficiente energ√≠a para viajes largos. Una carga r√°pida de 10 minutos proporciona hasta 5 horas m√°s de uso.Estructura plegable giratoriaLos aud√≠fonos se pliegan hacia dentro para un almacenamiento compacto.",5,"Una retrochimba. Llevo al rededor de unas semanas probando los y la verdad me han sorprendido con la incre√≠ble calidad de audio y cancelaci√≥n de ruido, antes ten√≠a los wh-ch510 y me encantaban pero quer√≠a subir de nivel y la verdad la diferencia es brutal, tienen una comodidad muy buena, el control t√°ctil responde r√°pido y con reproductores de m√∫sica como tidal o qobuz se les logra sacar un sonido muy superior, la bater√≠a dura lo suficiente al rededor de 25 o 28 horas ya que suelo poner el volumen a tope. En resumen, si eres exigente con la calidad de audio y eres amante de la m√∫sica estos son una exelente opci√≥n üò∏üñ§."
Silla Ejecutiva Magnux Ergon√≥mica Negra Con Tapizado Mesh Color Negro,155968,10000,4.4,3571,ADIDASCOLOMBIALTDAPP,"La selecci√≥n de una silla adecuada es muy importante para prevenir futuras lesiones. Con esta silla Magnux, tendr√°s la comodidad y el bienestar que necesitas a lo largo de tu jornada. Adem√°s, puedes ubicarla en cualquier parte de tu casa u oficina ya que su dise√±o se adapta a m√∫ltiples entornos. ¬°Dale a tus espacios un toque m√°s moderno!Ergon√≥mica y confiableEs muy com√∫n que adoptes una mala postura al sentarte y eso sin duda trae una serie de patolog√≠as que repercuten directamente en tu bienestar. Esta silla ergon√≥mica es la indicada para quienes pasan mucho tiempo frente al escritorio, ya sea por trabajo o estudio, ya que su dise√±o se adapta a las formas del cuerpo y garantiza un reparto de presiones equilibrado. Crea un ambiente de trabajo sano y productivo.Comodidad en todo momento Su respaldo reclinable te permite regular los diferentes puntos de inclinaci√≥n, as√≠ como dejarlo en posici√≥n libre para el balanceo durante las pausas o descansos.Cuida tu cuerpoLos apoyabrazos favorecer√°n tu postura al escribir y te ayudar√°n a incorporarte con mayor facilidad cuando quieras levantarte.Mantente en movimientoLas ruedas te van a permitir moverte y limpiar f√°cilmente tu espacio. Podr√°s trasladarla sin dificultad cuando lo necesites. Adem√°s, al ser giratoria te permitir√° rotar el asiento 360¬∫ sin la necesidad de cambiar de posici√≥n o moverte del lugar en donde est√°s.ATENCI√ìN: PIEZA K (PROTECTOR DE BASE) LA ENCONTRAR√ÅS SOBREPUESTA EN LA PARTE SUPERIOR DE LA BASE.",5,"Lo compr√© el lunes y el d√≠a mi√©rcoles en la ma√±ana ya lo ten√≠a en mi ubicaci√≥n.
Es una caja peque√±a y la silla es algo sencillo y de tama√±o peque√±o. Yo mido 180 y peso 100 kilos y est√° bien pero es algo para personas delgadas o de contextura media, ya que a mi me incomoda un poco las piernas y no me permite abrirlas mucho por qu√© los brazos no lo permiten.
Los acabados son normales pero bien trabajados no son de una alta calidad pero se ven bien.
Con relaci√≥n al valor que pague (estaba en oferta) me parece una excelente opci√≥n para la oficina o el hogar.
Si la recomiendo si est√°s buscando algo bueno y a bajo costo. Me cost√≥ mucho armar la silla, la verdad llevaba mas de 40 minutos intentando, pero busque un video y la arme en 10 minutos.
Par√° personas bajitas esta super super comoda."
"Port√°til Asus E1504ga-nj103 Core I3 Ram 8 Gb Ssd 512 Gb 15,6 Color Negro",365566,1000,4.8,213,Femmto Colombia,Aviso legal‚Ä¢ La duraci√≥n de la bater√≠a depende del uso que se le d√© al producto.,5,"No cuenta con lector de huellas digitales y en las especificaciones t√©cnicas antes de la compra lo tenia. Llevo ya una semana trabajando y estudiando con este port√°til, personalmente ha llenado todas mis expectativas y cumple con todo lo especificado adem√°s de rendir muy bien en todas las tareas, lo consegu√≠ un poco m√°s econ√≥mico gracias a un cup√≥n de mercadolibre pero el port√°til en s√≠ mismo es calidad-precio.
Buena duraci√≥n de bater√≠a, muy buen tacto en el teclado y sin lugar a dudas lo que m√°s me gusta es su dise√±o y su pantalla."
Bateria 10 Piezas Antiadherente Talent - Imusa 5861029311,819900,1000,4.8,647,Sony,"Productos Originales directamente desde ImusaSu antiadherente Triforce es 3 veces m√°s resistente comparado con otros antiadherentes de nuestra marca. Con termo se√±al que indica el momento perfecto para comenzar la preparaci√≥n de tus alimentos. Base difusora para una distribuci√≥n homog√©nea del calor. Mango ergon√≥mico para un mejor agarre. Bater√≠a 10 piezas antiadherente.3 veces m√°s resistente.Termo se√±al que indica el momento perfecto para comenzar la preparaci√≥n.Base difusora de calor.Mango ergon√≥mico para mejor agarre.Contiene: Olla 24cm con tapa de vidrioSart√©n 24cm, Sart√©n 18cmPerol 18cm con tapa de vidrioPerol 16cm con tapa de vidrioPerol 10cmJarro 12 cm.Color: GrisPeso: 4,5Largo: 43cmAlto: 29cmAncho: 30cm¬°En Imusa estamos donde t√∫ quieres comprar! ¬°Compra Seguro con Imusa y Mercado Libre!",5,"Excelente producto a simple vista, veremos la durabilidad los siguientes meses. Muy bien empacado, material liviano y resistente, tra√≠a un producto adicional que no estaba en el anuncio, me gust√≥ mucho, mucho."
Silla Oficina Escritorio Ergonomica Giratoria Soporte Lumbar,154900,500,4.5,45,WWW.BIG44SALE.COM,"¬°Bienvenido a Comercial La Cabrera S.A.S, tu tienda de confianza en Mercado Libre! Nos alegra que nos visites y estamos aqu√≠ para ofrecerte una experiencia de compra √∫nica y satisfactoria. Nuestro compromiso es brindarte productos de alta calidad, un servicio al cliente excepcional y precios competitivos que se ajusten a tu presupuesto. En Comercial La Cabrera S.A.S, cada detalle cuenta, y trabajamos arduamente para que encuentres justo lo que necesitas. Explora nuestra amplia gama de productos y si√©ntete libre de consultarnos cualquier duda. ¬°Estamos para servirte y hacer de tu compra una experiencia c√°lida y confiable!¬°BIENVENIDOS A COMERCIAL LA CABRERA !Nuestros productos son originales y cuentan garant√≠a por defectos de fabricaci√≥n.En el siguiente link podr√°s ver todos los productos de la p√°gina oficial:https://www.mercadolibre.com.co/tienda/comercial-la-cabreraRealiza tus pagos de forma segura que te ofrece mercado pago.Somos Mercado l√≠der, contamos con inventario disponible para entrega inmediata y hacemos env√≠os gratis.Tambi√©n contamos con centro de servicio t√©cnico propio y repuestos originales de fabrica para brindar el respaldo y garant√≠a de nuestros productos.Nuestro producto:Silla de Oficina Ergon√≥mica con Soporte Lumbar¬°Comodidad y soporte superiores para tu d√≠a de trabajo!Esta silla de oficina ergon√≥mica est√° dise√±ada para brindar la m√°xima comodidad y soporte durante largas horas de trabajo. Cuenta con caracter√≠sticas como:- Soporte lumbar: Ayuda a mantener la curvatura natural de la espalda baja y reduce la tensi√≥n muscular.- Ajuste de altura: Permite personalizar la altura del asiento para una postura ideal.- Apoya brazos ajustables: Ofrecen soporte para los codos y ayudan a reducir la fatiga en los hombros y el cuello.- Asiento y respaldo amplios: Brindan comodidad y soporte durante todo el d√≠a.- Mecanismo de giro: Permite girar f√°cilmente hacia diferentes direcciones sin tener que levantarse de la silla.- Base resistente: Proporciona estabilidad y durabilidad.Dimensiones:- Asiento: 48 x 49 cm.- Espaldar: 40 x 40 cm.Beneficios:- Reduce el dolor de espalda y la fatiga.- Mejora la postura.- Aumenta la productividad.- Disminuye el riesgo de lesiones.Ideal para:- Oficinas.- Hogares.- Estudiantes.- Cualquier persona que pase mucho tiempo sentada.¬°Invierte en tu salud y bienestar con esta silla de oficina ergon√≥mica de alta calidad!La confianza que depositan en nosotros nuestros clientes es el motor que impulsa nuestro compromiso constante con la excelencia. Nos enorgullece poder ofrecer productos que no solo cumplen, sino que superan las expectativas de nuestros clientes, brind√°ndoles una experiencia excepcional.En Comercial La Cabrera S.A.S, nos enorgullece ofrecerte no solo productos de la m√°s alta calidad, sino tambi√©n un servicio t√©cnico profesional propio. Nuestro equipo de expertos est√° siempre dispuesto a brindarte el mejor servicio, asegurando que cada uno de tus requerimientos sea atendido con la m√°xima dedicaci√≥n y conocimiento.Nos comprometemos a que tu experiencia con nosotros sea totalmente satisfactoria, brind√°ndote la tranquilidad de saber que est√°s en manos de profesionales capacitados. Adem√°s, nuestro producto cuenta con una garant√≠a de: 3 meses, lo que refleja nuestra confianza en la durabilidad y el rendimiento de lo que ofrecemos. Si en alg√∫n momento necesitas asistencia, estamos aqu√≠ para ayudarte y garantizar que disfrutes de tus compras sin preocupaciones.",5,"Es muy aparente, c√≥moda y cumple con sus prop√≥sitos. Bueno calidad. F√°cil de armar."
Samsung Galaxy A35 5g 256 GB Azul oscuro 8 GB RAM,1200000,500,4.8,304,PCTEL BTA,"El Galaxy A35 5G es el tel√©fono celular ideal para quienes gustan de explorar e interactuar con los √∫ltimos contenidos y tendencias.   Con su dise√±o de vidrio de primera calidad y su resistencia al agua y al polvo (IP67), este dispositivo aporta estilo y protecci√≥n a tu vida diaria. Y tienes 3 opciones de color para elegir el que mejor se adapte a ti: azul oscuro, azul claro y rosa.   Su c√°mara triple de hasta 50 MP y su Selfie de 13 MP garantizan varias posibilidades para llevar tus fotos a otro nivel. El modo de retrato nocturno del Galaxy A35 5G te permite capturar lo mejor de ti mismo todas las noches. Tus v√≠deos, por otro lado, ser√°n superestables, incluso si se graban en movimiento, y con m√°s detalle y claridad, gracias al HDR, que captura un amplio espectro de luces y sombras. Con Nightography, no tienes que preocuparte por tomar fotos en entornos con poca luz, ya que garantiza el brillo en esas situaciones. E incluso puedes usar el Borrador de Objetos si quieres eliminar elementos no deseados de tus fotos.   La pantalla Super AMOLED FHD+ de 6,6 pulgadas es brillante y colorida, lo que garantiza una visualizaci√≥n inmersiva del contenido. Y para mayor fluidez, este tel√©fono celular tiene una frecuencia de actualizaci√≥n de hasta 120 Hz. Por lo tanto, puede ver sus series favoritas, seguir las redes sociales y consumir contenido multimedia de la mejor manera, incluso a la luz del sol, ya que el Vision Booster conserva los detalles y aumenta la calidad de visualizaci√≥n. La pantalla Infinity-O Display ofrece m√°s espacio de visualizaci√≥n y un aspecto de primera calidad al tel√©fono.   El Galaxy A35 5G te acompa√±a en todo momento con su bater√≠a de larga duraci√≥n de 5000 mAh y una carga superr√°pida de hasta 25 W, para que no tengas que pasar mucho tiempo al lado de la toma de corriente. Y para los amantes de los juegos, experimenten una velocidad y un rendimiento absurdos, con un procesador Octa-Core con un almacenamiento de hasta 256 GB y una RAM de hasta 8 GB.   Para disfrutar de una experiencia duradera y segura con tu dispositivo, el Galaxy A35 5G garantiza hasta 4 actualizaciones del sistema operativo Android y hasta 5 a√±os de actualizaciones de seguridad. Adem√°s, tu protecci√≥n se ha mejorado con Samsung Knox, que garantiza que los datos sensibles y confidenciales permanecen seguros, y con Galaxy Padlock, que protege tus datos y el acceso a aplicaciones de terceros.   Con la aplicaci√≥n Smart Switch, puedes transferir de forma f√°cil y c√≥moda el contenido de tu tel√©fono anterior (fotos, contactos, eventos del calendario, notas, ajustes del dispositivo y m√°s) al nuevo Galaxy A35 5G.",5,"Le compr√© el celular a mi esposa, hizo el cambio de iphone a samsung y la verdad la diferencia es notable. Ya no tiene que estar cargando el iphone cada rato.
La c√°mara trasera es excelente y la c√°mara frontal es buena. El rendimiento que ofrece es notable al usar varias apps, tambi√©n resiste salpicaduras lo cu√°l es bueno para cuando llueve.
En resumen, es mejor que las porcelanas del iphone. Muy bueno producto."
Consola Sony Playstation 5 Slim Version Lector Disco Japonesa Ps5 1TB SSD Blanco,199900,500,4.8,242,Imusa Home & Cook,"CONSOLA PLAY STATION 5 SLIM - CON UNIDAD DE DISCO ORIGEN: JAPON, SOLO CAMBIAN LAS LETRAS DE LA CAJAMODELO: CFI-2000*CONTENIDO DE LA CAJA:1 Consola 1 Control Inal√°mbrico 2 Soportes horizontales 1 Cable HDMI 1 Cable de alimentaci√≥n AC1 Cable USBManuales ASTRO‚Äôs PLAYROOM (juego preinstalado)DIFERENCIAS:*SSD: 1TB*30% m√°s peque√±a y 3.2 kgs menos que su versi√≥n anterior.*2 puertos USB TIPO C en la parte frontal y 2 puertos USB TIPO A en la parte traseraEspecificaciones T√©cnicas:-CPU: x86-64-AMD Ryzen‚Ñ¢ Zen 28 nucleos/16 hilos frecuencia variable, hasta 3.5GHz-GPU: Motor de gr√°ficos basado en AMD Radeon ‚Ñ¢ RDNA 2Aceleraci√≥n Ray TracingFrecuencia variable, hasta 2.23 GHz (10.3 teraflops)-Memoria: GDDR6 16GBancho de banda de 448GB/s ancho de banda 5.5GB/s (raw) -Formato de disco de videojuego PS5: Ultra HD Blu-Ray, hasta 100GB/disco -Salida de video: Soporte TVs 4K 120H, Tvs 8K√ß, VRR(Espec√≠ficamente para HDMI versi√≥n 2.1) -Audio: Tempest 3D AudioTechAprobadaAprobada parcialRechazadaAviso legal‚Ä¢ La duraci√≥n de la bater√≠a de los controles depende del uso que se le d√© al producto.",5,"La consola es original, sin embargo es importante aclarar que el producto es la versi√≥n de jap√≥n. La caja y los manuales est√°n en japon√©s, pero el idioma de la consola se puede cambiar a espa√±ol latino. Es la consola de 1 tera el precio en otros lados es exagerado me parece que est√° muy barata y es la propia consola todo 10/10."
Disco Solido 500 Gb Crucial Bx500,156400,10000,4.9,2899,SASCOMERCIALLACABRERA,"El Disco S√≥lido 500 GB Crucial BX500 es la elecci√≥n perfecta para usuarios de PC y Notebook que buscan mejorar el rendimiento de su sistema. Con una capacidad de 500 GB, este SSD ofrece espacio suficiente para almacenar todos tus archivos importantes, juegos y aplicaciones sin sacrificar velocidad. Su tecnolog√≠a de almacenamiento SSD, complementada con tecnolog√≠a 3D NAND, asegura una mayor eficiencia y durabilidad.Este modelo, el CT500BX500SSD1, destaca por su impresionante velocidad de transferencia de datos, alcanzando hasta 550 MB/s en lectura y 500 MB/s en escritura, lo que permite un arranque del sistema y una carga de aplicaciones mucho m√°s r√°pidos. Adem√°s, su interfaz SATA III facilita una integraci√≥n sencilla con la mayor√≠a de los sistemas actuales.Dise√±ado para resistir, el Crucial BX500 es resistente al polvo y a golpes, lo que garantiza una protecci√≥n robusta de tus datos en condiciones adversas. Su formato de 2.5 pulgadas y su dise√±o montado en bastidor hacen que la instalaci√≥n sea f√°cil y adaptable a diferentes configuraciones de hardware.Ideal para gamers y profesionales que necesitan un rendimiento constante y confiable, este disco duro interno no solo acelera las operaciones sino que tambi√©n soporta temperaturas de funcionamiento de 0 ¬∞C a 70 ¬∞C, asegurando un rendimiento √≥ptimo en diversos entornos de trabajo. Con el Crucial BX500, lleva la eficiencia de tu sistema al siguiente nivel.",5,"Excelentes prestaciones, como pueden ver en la imagen muestra una alta valoraci√≥n en lectura y escritura, lo tengo combinado con 16 gb de ram, y un i5 de 3th, muy satisfecho con el ssd, enciende la cpu en menos de 12 segundos. Ya he usado estos discos con otros clientes y la verdad son los √∫nicos que no han pirateado tan agresivamente muy buenos no tan r√°pidos c√≥mo la competencia pero m√°s confiables dir√≠a que un 10% de diferencia en velocidad casi imperceptible."
E-reader Kindle 11va Generaci√≥n 16gb Negro Con Pantalla De 6 300ppp,939900,1000,4.9,485,HDC_TIENDA,"Con este E-reader Kindle, podr√°s almacenar los libros que m√°s te gustan y llevarlos a todos lados.A diferencia de otros dispositivos digitales, los libros electr√≥nicos tienen una tinta electr√≥nica que nos permite leer con una calidad similar a la del papel, sin demasiada fatiga visual. Adem√°s, este tipo de pantalla consume menos energ√≠a, por lo tanto, la bater√≠a puede durar d√≠as. ¬°Vuela con tu imaginaci√≥n donde sea que est√©s!M√∫ltiples formatosEste dispositivo soporta una gran variedad de formatos de archivos, lo que te permitir√° acceder a una mayor cantidad de textos.Cuida tu vistaCuida tu vistaAccesibilidad y comodidad¬øTe gusta hacer actividades mientras escuchas un libro? Ahora es posible, ya que este dispositivo es compatible con audiolibros. Esto no solo brinda comodidad para quienes prefieren escuchar los textos, sino que garantiza una mayor accesibilidad para personas ciegas o con disminuci√≥n visual.Aviso legal‚Ä¢ La duraci√≥n de la bater√≠a depende del uso que se le d√© al producto.",5,"Producto s√∫per recomendado!. Excelente producto, no me gusta que trae anuncios, es peque√±o, ligero y c√≥modo. La pantalla es muy realista. A mi gusto es mejor que el paperwhite ya que la pantalla tiene un relieve m√°s rugoso, tipo hoja de papel."
Bateria De Cocina Imusa Antiadherente Talent 9 Pz Color Gris,2380900,1000,4.9,383,MRBLISCOM,"Bater√≠a de Cocina Imusa Antiadherente Talent de 9 Piezas dise√±ada para ahorrar tiempo en la preparaci√≥n de alimentos. Incorpora Antiadherente TRIFORCE, que ofrece una durabilidad hasta tres veces superior en comparaci√≥n con la l√≠nea b√°sica de Imusa. Su base difusora est√° especialmente dise√±ada para distribuir el calor de manera uniforme. Incluye Termo Se√±al que cambia de color para indicar el momento √≥ptimo de inicio de cocci√≥n, ayudando a conservar la textura y nutrientes de los alimentos. Los productos Imusa est√°n elaborados con aluminio de alta pureza y cumplen con normas internacionales, asegurando ser amigables con el medio ambiente y proteger la salud.",5,"Muy excelente.
Mejor de lo que me esperaba.
Calidad precio.
Qued√≥ satisfecho con la compra. Excelente, lo que un hombre necesita para cocinar üí™üèªü´°."
Monitor Gamer Samsung 24 Odyssey G3 Pivot Freesync Premium 165hz 1ms,129900,500,4.9,186,LUOKKA TECHNOLOGY2,"Samsung se compromete en ofrecer productos de alta calidad que contribuyen a un futuro mejor. Como l√≠der en tecnolog√≠a, uno de sus objetivos es desarrollar soluciones avanzadas e innovadoras. Este monitor es un ejemplo de ello, proporcionando una experiencia visual excepcional.Monitor ajustado a tus necesidadesCon la pantalla LED, no solo se reduce el consumo de energ√≠a, sino que tambi√©n se garantiza la visualizaci√≥n de colores vivos y precisos para disfrutar de contenido multimedia.Experiencia visual superiorEl monitor de 24 pulgadas est√° dise√±ado para ofrecer comodidad al estudiar, trabajar o disfrutar de tiempo de ocio. La resoluci√≥n de 1920 x 1080 asegura una imagen de alta fidelidad para una experiencia inmersiva.",5, Est√° una chimba.
Xiaomi Redmi Note 13 Pro 4G Dual SIM 256 GB negro 8 GB RAM,520000,1000,4.8,805,PCTELCOMPUTO,"Fotograf√≠a profesional en tu bolsilloDescubre infinitas posibilidades para tus fotos con las 3 c√°maras principales de tu equipo. Pon a prueba tu creatividad y juega con la iluminaci√≥n, diferentes planos y efectos para obtener grandes resultados.Adem√°s, el dispositivo cuenta con c√°mara frontal de 16 Mpx para que puedas sacarte divertidas selfies o hacer videollamadas.Experiencia visual incre√≠bleMira tus series y pel√≠culas favoritas con la mejor definici√≥n a trav√©s de su pantalla AMOLED de 6.67"". Disfruta de colores brillantes y detalles precisos en todos tus contenidos.Capacidad y eficienciaCon su potente procesador y memoria RAM de 8 GB tu equipo alcanzar√° un alto rendimiento con gran velocidad de transmisi√≥n de contenidos y ejecutar√° m√∫ltiples aplicaciones a la vez sin demoras.Desbloqueo facial y dactilarM√°xima seguridad para que solo t√∫ puedas acceder al equipo. Podr√°s elegir entre el sensor de huella dactilar para habilitar el tel√©fono en un toque, o el reconocimiento facial que permite un desbloqueo hasta un 30% m√°s r√°pido.Bater√≠a de duraci√≥n superior¬°Desench√∫fate! Con la s√∫per bater√≠a de 5000 mAh tendr√°s energ√≠a por mucho m√°s tiempo para jugar, ver series o trabajar sin necesidad de realizar recargas.",5,"Est√° bueno y funciona bien, esperemos que no salga chimbo, como mi ex. Me parece un movil muy bonito, tiene un duracion de bateria excelente. Buen equipo, vengo de usar un redmi note 9, y vaya la diferencia, bastante fluido, transiciones suaves, buen espacio, recomendado si no quieres hacer un gasto tan grande y tener buenas prestaciones."
Televisor Hyundai 43 Smart Fhd Android By Google,194900,1000,4.6,234,GROUPESEBANDEAN,"Disfruta de la experiencia visual y de entretenimiento que ofrece el Televisor Hyundai de 43"" 109 cms Smart - FHD con Sistema Operativo ANDROID 11.0. Controla tu televisor con la voz gracias al Asistente de Google integrado en el control remoto. Simplemente di ""Hey Google"" seguido de tu solicitud, y el televisor te mostrar√° lo que desees.Experimenta una interacci√≥n m√°s intuitiva y un acceso r√°pido a tus contenidos favoritos con un marco elegante y sin bordes, conectividad Bluetooth y botones de acceso directo a aplicaciones como NETFLIX, YOUTUBE, GOOGLE PLAY y PRIME VIDEO.Descarga tus aplicaciones preferidas desde la Play Store, incluyendo HBO+, STAR+, DISNEY+, PLUTOTV, SPOTIFY y DIRECTV GO, para disfrutar de una amplia gama de entretenimiento.Con√©ctate y comparte contenido f√°cilmente desde tu m√≥vil inteligente, sumergi√©ndote en colores vivos y una resoluci√≥n de imagen n√≠tida. Adem√°s, el televisor es compatible con una variedad de formatos de video, como MP4, MPEG, MKV, AVI, 3GP, WEBM, FLV, MOV, TS y H265, asegurando una experiencia multimedia completa.",5,"Es un excelente producto y mucho m√°s econ√≥mico que los de su competencia, los otros tratan de ganar con marca, pero este, no tiene nada que envidiarles. Buen estado, muy satisfecha con mi compra."
Verde - Arbol De Navidad Pino Artificial 1.80m Frondoso Foll,669900,1000,4.8,205,TEKNOPOLISCOLOMBIA,"PRODUCTO:Nombre: √Årbol de Navidad Pino Artificial 1.80m Frondoso Follaje  Marca: SKYGREEN  DESCRIPCI√ìN:√Årbol navide√±o de 1.80 metros de altura y 90 cm de ancho ideal para decorar tu casa esta temporada navide√±a. √Årbol con follaje realista y frondoso, gracias a que est√° hecho con PVC de alta calidad. Es un √°rbol decorativo de alta durabilidad y f√°cil de limpiar, su material lo hace ideal para interiores y exteriores. Base de metal con cuatro puntos de apoyo recubiertos con gomas de pl√°stico antiderrapante para mayor seguridad y evitar da√±os en la superficie. Es f√°cil y r√°pido de armar, sus ramas son desplegables y flexibles, adaptables a la decoraci√≥n. Solo coloca las ramas en la base, acomoda seg√∫n lo requieras y ¬°comienza a decorar! 668 ramas. CARACTER√çSTICAS PRINCIPALES: -TAMA√ëO - 1.80 metros de altura y 90 cent√≠metros de ancho ideal para decorar diferentes espacios esta temporada navide√±a.  -MATERIAL - Dise√±ado con materiales resistentes (PVC) y altamente durables, ideal para interiores y exteriores. F√°cil de limpiar.  -SOPORTE - Base de metal con cuatro puntos de apoyo recubiertos con gomas de pl√°stico antiderrapante.  -ARMADO - Solo coloca las ramas, acomoda seg√∫n lo requieras y ¬°comienza a decorar! Sus ramas desplegables y flexibles se adaptan a la decoraci√≥n.  -FOLLAJE - Cuenta con 668 ramas, follaje realista y frondoso.  -Los colores pueden variar en las im√°genes.  M√ÅS DETALLES:Peso del paquete: 3.7 kg  Medidas: 180 cm x 90 cm x 90 cm  Material: Pl√°stico  Modelo: HJAN18050001  Pa√≠s de producci√≥n: China  SKU: HJAN18050001",5,"Tal como se ve√≠a en la imagen, muy buen producto. Bonito."
Xiaomi Redmi Watch 5 Active Con Hyperos Bateria 18 D√≠as Llamadas Ipx8 Negro,828900,100,4.8,45,OFFERBUYS,"Tus conversaciones, sin perturbacionesExperiencia de llamadas clara con la ayuda de la mejor cancelaci√≥n de ruido del segmento en tu mu√±eca.Experiencia de visualizaci√≥nPantalla de alta resoluci√≥n de 5,08 cm (2,0)Comodidad al alcance de tus dedos, ya que ahora puedes realizar el trabajo que desees en la pantalla de tu reloj inteligente.Cuerpo Met√°lico paraResistencia al impactoFabricado con aleaci√≥n de zinc, este reloj inteligente est√° dise√±ado para una resistencia al impacto excepcional, proporcionando durabilidad para cualquier aventura.De larga duraci√≥n. Bater√≠a en una carga √∫nica18 d√≠as de duraci√≥n de la bater√≠a*Disfrute de una notable duraci√≥n de bater√≠a de hasta 18 d√≠as, lo que garantiza que su reloj inteligente se mantenga encendido para sus actividades con una sola carga.Para una conectividad perfectaHyperOS ofrece una animaci√≥n fluida sin igual y una optimizaci√≥n avanzada de la bater√≠a, lo que garantiza una experiencia de usuario fluida y eficiente. Disfrute de un rendimiento fluido y una energ√≠a m√°s duradera con cada interacci√≥n.Alexa IncorporadoSimplifique su vida con Alexa activada por voz para controlar sus tareas diariasAviso legal‚Ä¢ La duraci√≥n de la bater√≠a depende del uso que se le d√© al producto.",5,"Buen producto.
Hasta el momento se desempe√±a bien. Es una buena compra, se siente un smartwatch fluido y de calidad. Si quieres comprar un pulso no te compliques buscando el nombre del reloj m√°s bien busca pulsos de 22mm y tendr√°s opci√≥nes de todo tipo.
La pantalla resiste m√°s de un golpe, aunque ya le hizo un ara√±azo üòÆ‚Äçüí®, si trabajas con herramientas pesadas no te lo recomiendo, pero si t√∫ trabajo es de oficina vale totalmente la pena, buena conexi√≥n, bateria alta duraci√≥n, muy personalizable bastante intuitivo 10/10."
Portatil Msi Gf63 Core I5-12450h-16gb 1tb Ssd-rtx2050 Win 11,899900,5,4.2,5,Hyundai,"MSI THIN GF63 12UCX 898USCARACTER√çSTICAS:Procesador: Core i5-12450H (Reloj de impulso m√°ximo de hasta 4,4GHz, 8 n√∫cleos l√≥gicos, Subprocesos totales 12)Tipo de memoria: DDR4Memoria total: 16 GBPantalla: 15,6"" 144HzResoluci√≥n: FHD 1920 x 1080Almacenamiento: Capacidad total instalada: SSD 1 TB M.2 NVMe PCI-ExpressUnidad √≥ptica: NingunoTeclado : Tipo Chiclet USPuertos:1x RJ451x HDMI1x Tipo-C USB3.1 Gen13x Tipo-A USB3.1 Gen11x pin de cargaC√°mara: S√≠Micr√≥fono: Digitales integrados en la c√°maraAltavoces: S√≠Peso: 2,2kgSistema Operativo: WINDOWS 11Garant√≠a del vendedor: 12 meses",5,"Es una muy buena laptop, el √∫nico problema es que al ser tan potente el voltaje medio de uso es muy alto incluso desconectado lo que se come la bater√≠a, tambi√©n el problema es que reci√©n comprado no cuenta con los drivers de gr√°fica y procesador actualizados por lo que puede ir un poco lento o dar algunos tirones hasta que actualices. Buena herramienta para trabajos r√°pidos de dise√±os. No he podido usar auriculares, no tiene salida, los conecto y no funcionan."
Disco Externo 2 Tb Toshiba Canvio Basics Usb 3.0,107500,1000,4.9,653,SKYBRANDS COLOMBIASAS,"Maximiza tu capacidad de almacenamiento con el Disco Externo 2 Tb Toshiba Canvio Basics. Este dispositivo port√°til es ideal para almacenar grandes vol√∫menes de datos, ya sea para trabajo, estudio o entretenimiento. Su dise√±o compacto y elegante en color negro lo hace f√°cil de llevar a cualquier parte, asegurando que tus archivos importantes siempre est√©n a mano.Equipado con USB 3.0, el Toshiba Canvio Basics ofrece una transferencia de datos ultrarr√°pida, compatible con PC, notebooks y consolas de videojuegos. Esto lo convierte en una soluci√≥n vers√°til para todas tus necesidades de almacenamiento digital. Adem√°s, con una capacidad de 2 TB, tendr√°s espacio suficiente para guardar desde documentos importantes hasta colecciones completas de fotos y videos sin preocuparte por el espacio.La resistencia a golpes del disco asegura que tus datos est√©n protegidos incluso en movimientos bruscos, lo que lo hace un compa√±ero ideal para viajeros o profesionales que se desplazan constantemente. A pesar de su robustez, el dispositivo mantiene un perfil delgado y ligero, con solo 109 mm de profundidad, lo que facilita su transporte en bolsos o mochilas.El Toshiba Canvio Basics es compatible con Windows 10 Pro y no requiere de instalaci√≥n de software adicional, lo que te permite comenzar a usarlo inmediatamente despu√©s de sacarlo de la caja. Con el cable USB 3.0 incluido, simplemente conecta el disco a tu dispositivo y comienza a disfrutar de una soluci√≥n de almacenamiento segura y eficiente.",5,"Sali√≥ perfecto el producto, lo uso como memoria externa para el xbox y va de maravilla. La compr√© para el xbox s y ha funcionado perfectamente, muy f√°cil configuraci√≥n."
Samsung Galaxy A55 5G Dual SIM 256 GB azul claro 8 GB RAM,147348,500,4.9,774,PIXELTECHBOGOTA,"Capacidad y eficiencia  Con su potente procesador y 8 GB de RAM, su computadora lograr√° un alto rendimiento con una alta velocidad de transmisi√≥n de contenido y ejecutar√° varias aplicaciones al mismo tiempo, sin demoras.   Capacidad de almacenamiento ilimitada  Olv√≠date de borrar. Con su memoria interna de 256 GB puedes descargar todos los archivos y aplicaciones que necesites, guardar fotos y almacenar tus pel√≠culas, series y v√≠deos favoritos para reproducirlos cuando quieras.",5,"Llevo ya casi un mes con √©l y es un excelente producto, es super r√°pido, tiene un mont√≥n de opciones de personalizaci√≥n, todas sus c√°maras son excelentes especialmente para contenido en redes; si es un poco grande pero se acostumbra la mano igual para eso recomiendo accesorios como popsockets o cosas similares; tiene mucho almacenamiento, la bater√≠a le dura todo el d√≠a sin problema, el √∫nico fallo que le veo en cuesti√≥n de bater√≠a es que la carga r√°pida no es tan r√°pida xd y se demora entre 1h 40 minutos a 2h cargando. En conclusi√≥n es un excelente producto, lo amo üíï. (las fotos est√°n sin editar y fueron tomadas con la c√°mara principal de atr√°s y con la frontal). Recib√≠ tal cu√°l lo que quer√≠a, no me quejar√© de alguna especificaci√≥n del celular porque fui consciente de todo antes de la compra. Personalmente, am√© las c√°maras, duraci√≥n de la bater√≠a, precio, one iu 6. 1, color y terminado del celular, esas son s√≥lo algunas de muchas m√°s caracter√≠sticas que hacen valer la pena a este gran dispositivo gama media casi alta.
Para concluir, verifiqu√© la autenticidad del celular y todo bien, recomendado üíó.
*no olviden registrar el imei con su operador de preferencia para evitar bloqueos!!!. "
Aud√≠fonos Sony Bluetooth Noise Cancelling | Wh-1000xm5 Color Azul,2700000,100,4.8,726,PCTEL BTA,"Nuestros aud√≠fonos WH-1000XM5 ultrac√≥modos redefinen el audio sin distracciones y la claridad en las llamadas. Dos procesadores controlan los varios micr√≥fonos para ofrecer un sistema de noise cancelling sin precedentes, al tiempo que el optimizador de NC autom√°tico maximiza autom√°ticamente el noise cancelling en funci√≥n del entorno y de c√≥mo uses los aud√≠fonos. La unidad de diafragma de 30 mm especialmente dise√±ada ofrece una calidad de sonido superior para todo tu entretenimiento.- La tecnolog√≠a noise cancelling l√≠der del sector con 2 procesadores de alto rendimiento y 8 micr√≥fonos.- Calidad de sonido excepcional con una unidad de diafragma de 30 mm especialmente dise√±ada.- Llamadas sin ruido excelentes con 2x2 micr√≥fonos multidireccionales y sistema de reducci√≥n de ruido (con IA).",5,"Nunca tuve la oportunidad de usar unos aud√≠fonos con cancelaci√≥n de sonido, y la experiencia que he tenido desde que compr√© este producto ha sido reveladora. Estoy seguro que existen mejores aud√≠fonos que este, pero la verdad es que teniendo este set no se requiere nada m√°s. El sonido es ecualizable (como ya otros han comentado) y esto solo es una de las tantas caracter√≠sticas y prestaciones que sony pone en manos del usuario. El estuche, el comfort y la construcci√≥n del set es tope de gama. No soy experto en sonido, ni audiofilo, pero para alguien de a pie, como yo, la verdad es que puedo decir sin duda que vale la pena cada peso que se invierte. Son unos aud√≠fonos que te van a durar a√±os si los cuidas bien y que, si realmente requieres mejor calidad, puedes toquetearlos con la aplicaci√≥n para que se acomode a tus gustos. Te dan una prueba de 3 meses gratis en tidal y eso es algo que se agradece tambi√©n porque all√≠ puedes sacarles a√∫n m√°s jugo al set con tracks 360, por ejemplo. El que tenga el presupuesto y tenga dudas, que no lo piense m√°s, comprenlos. Van as entirse totalmente satisfechos. Super recomendados, son c√≥modos, le dura mucho la bater√≠a y cargan super r√°pido.
En el tema del audio es importante usarlos despu√©s de configurar la aplicaci√≥n nativa de sony, ya que la ecualizaci√≥n que trae por defecto no es la mejor. Me llev√© una grata sorpresa al ver que hay foros de personas que comparten sus configuraciones de audio para sacarle el m√°ximo rendimiento.
--mi recomendaci√≥n--.
Si solo los vas a usar para escuchar m√∫sica v√≠a bluetooth, o solo quieres escuchar m√∫sica por youtube o spotify incluso redes sociales con los xm4 es m√°s que suficiente.
Para sacarle el 100% se deben usar por cables y usar aplicaciones como tidal.
Si la cancelaci√≥n de ruido es lo que buscas, estos aud√≠fonos son los mejores que eh probado."
Silla Escritorio Ergonomica Sillon Oficina Giratoria Ejecutiva Secretarial Pc Computador Femmto,283900,1000,4.7,492,LUOKKA TECHNOLOGY2,"La selecci√≥n de una silla adecuada es muy importante para prevenir futuras lesiones. Con esta silla Femmto, tendr√°s la comodidad y el bienestar que necesitas a lo largo de tu jornada. Adem√°s, puedes ubicarla en cualquier parte de tu casa u oficina ya que su dise√±o se adapta a m√∫ltiples entornos. ¬°Dale a tus espacios un toque m√°s moderno!Ergon√≥mica y confiableEs muy com√∫n que adoptes una mala postura al sentarte y eso sin duda trae una serie de patolog√≠as que repercuten directamente en tu bienestar. Esta silla ergon√≥mica es la indicada para quienes pasan mucho tiempo frente al escritorio, ya sea por trabajo o estudio, ya que su dise√±o se adapta a las formas del cuerpo y garantiza un reparto de presiones equilibrado. Crea un ambiente de trabajo sano y productivo.Comodidad en todo momento Su respaldo reclinable te permite regular los diferentes puntos de inclinaci√≥n, as√≠ como dejarlo en posici√≥n libre para el balanceo durante las pausas o descansos.Cuida tu cuerpoLos apoyabrazos favorecer√°n tu postura al escribir y te ayudar√°n a incorporarte con mayor facilidad cuando quieras levantarte.Mantente en movimientoLas ruedas te van a permitir moverte y limpiar f√°cilmente tu espacio. Podr√°s trasladarla sin dificultad cuando lo necesites.Adem√°s, al ser giratoria te permitir√° rotar el asiento 360¬∫ sin la necesidad de cambiar de posici√≥n o moverte del lugar en donde est√°s.",5,"Excelente producto‚Ä¶ cumple con mis expectativas de comodidad y elegancia. La silla fue f√°cil de armar y el manual es muy claro, la silla es muy c√≥moda, si es una persona menos de 1. 75 cm encaja perfecto el cuerpo, en cuanto a los materiales, para los que no sepan, ese tipo de material al estar en contacto directo con la pial genera sudor. Para mejorar, es el acabado que tiene la silla, en algunas costuras el hilo se ve case que para reventar y en otros pliegues el relleno se sale un poco por lo mismo. Hay que mejorar el acabado de la uni√≥n de los pliegues. Muy c√≥moda, f√°cil de armar, las ruedas no se traban y lo mejor son los descansa brazos!!üëçüèΩü§ôüèΩ."
"Samsung Galaxy Tab S9 Fe SM-X510NZSECOO wifi 256gb Silver 8gb Ram 10.9 """,1394900,25,5.0,7,CELUMOVIL STORE,"Sum√©rgete en la era de la tecnolog√≠a t√°ctil con la Samsung Galaxy Tab S9 FE, una tableta que redefine la experiencia m√≥vil con su elegante dise√±o en color Silver y una capacidad de almacenamiento impresionante de 256 GB. Ideal para profesionales creativos y entusiastas del entretenimiento, este dispositivo ofrece una pantalla de 10.9 pulgadas que brinda im√°genes n√≠tidas y colores vibrantes para una inmersi√≥n visual sin igual.Con la conectividad Wi-Fi, mantente siempre conectado y sincronizado con tus dispositivos y servicios en la nube. La Galaxy Tab S9 FE se convierte en tu centro de trabajo y juego, gracias a sus 8 GB de memoria RAM que garantizan una multitarea fluida y un rendimiento excepcional en aplicaciones y juegos.La portabilidad es clave en la Galaxy Tab S9 FE, con dimensiones que facilitan su transporte sin sacrificar la visualizaci√≥n de contenido gracias a su pantalla de 16.5 cm de alto por 25.4 cm de ancho. Equipada con el sistema operativo Android, accede a un universo de aplicaciones y personaliza tu experiencia para que se adapte a tu estilo de vida din√°mico.La Samsung Galaxy Tab S9 FE es m√°s que una tableta; es una extensi√≥n de tu espacio creativo y de entretenimiento, donde cada detalle ha sido pensado para ofrecerte una experiencia de usuario superior. Convierte cada momento en una oportunidad para explorar, crear y disfrutar con la calidad y confianza que solo Samsung puede ofrecer.Aviso legal‚Ä¢ La duraci√≥n de la bater√≠a depende del uso que se le d√© al producto.",5,"La pantalla se ve muy bien, el sistema operativo es fluido y el pen funciona muy bien para dibujar, que fue la principal raz√≥n por la que la compr√©. Ven√≠a con un pixel muerto, pero no se nota casi nada, no se pidi√≥ reembolso por eso. Muy buen producto, √°gil c√≥modo para llevar, intuitivo con buena velocidad y dise√±o, recomendado."
Portatil Lenovo Intel I5 1235u Solidos 512gb+ 240gb Ram 16gb Color Gris,1187900,100,4.8,46,Sony Colombia,"Port√°til Lenovo en color gris con procesador de doceava generaci√≥n Intel I5 1235U con 10 n√∫cleos y 12 hilos, con una velocidad de 1.3gz que puede llegar hasta 4.4GHz. Cuenta con una memoria RAM de 16GB a 3200MHz. En cuanto a almacenamiento, dispone de dos discos s√≥lidos, uno de 512GB y otro de 240GB. La tarjeta de v√≠deo es Intel UHD Grapchics con una velocidad de 1.2gz. La pantalla es FHD con una resoluci√≥n de 1920 x 1080, con una relaci√≥n de aspecto de 16:9 y anti reflejo. El sistema operativo es Windows 11 y Office instalado sin licencia. En cuanto a los puertos, cuenta con USB 3.2 Gen 1, USB-C 3.2 Gen 1, USB 2.0, HDMI y Ethernet (RJ-45). La c√°mara es HD 720p con obturador de privacidad y enfoque fijo. El audio es de alta definici√≥n (HD), con c√≥dec Realtek ALC3287, altavoces est√©reo de 1,5 W x2, Dolby Audio y matriz de dos micr√≥fonos con cancelaci√≥n de ruido. La conectividad inal√°mbrica es Wi-Fi 6(802.11ax) (Dual band) 2*2 + Bluetooth 5.0. La bater√≠a es de pol√≠mero de litio de 38 Wh, compatible con carga r√°pida (carga hasta el 80 % en 1 hora).Aviso legal‚Ä¢ La duraci√≥n de la bater√≠a depende del uso que se le d√© al producto.",5,"C√≥mo lo dice la descripci√≥n si necesitan editar no es recomendable por la tarjeta de video que trae de resto bien. Tuve problemas ,pero le dieron soporte t√©cnico.
No funcion√≥ para un juego."
Monitor Gamer LG 27MR400-B 100Hz Sin Bordes AMD freeSync Negro,489902,100,4.8,84,FEMMTO COLOMBIA,"COLOR VERDADERO EN √ÅNGULOS AMPLIOSLG Monitor con tecnolog√≠a IPS destaca el rendimiento de las pantallas de cristal l√≠quido. Puede proporcionar una reproducci√≥n precisa del color y ayudar a los usuarios a ver la pantalla en gran angular y mejor calidad.FLUJO DE TRABAJO FLUIDOSus100 Hz proporcionan una carga de fotogramas suave en varios programas. Adem√°s, puedes disfrutar de un juego realista con menos desgarro de pantalla y desenfoque de movimiento.PROTECCI√ìN VISUAL MEJORADAModo de lectura para el cuidado de tus ojosEl modo de lectura ajusta la temperatura del color y la luminancia, lo que permite una experiencia de visualizaci√≥n adecuada para leer en un monitor.Seguro de parpadeoFlicker Safe reduce el parpadeo invisible en la pantalla y ayuda a proporcionar un entorno de trabajo c√≥modo durante mucho tiempo.DISFRUTA DE UN JUEGO FLUIDOMovimiento fluido y r√°pidoCon la tecnolog√≠a AMD FreeSync‚Ñ¢, los jugadores pueden disfrutar de un movimiento suave y claro en juegos de alta resoluci√≥n y ritmo r√°pido. Pr√°cticamente elimina el desgarro y el tartamudeo de la pantalla, proporcionando una experiencia de juego inmersiva.Da un paso adelante en la oscuridad y gana tus partidasBlack Stabilizer ayuda a los jugadores a detectar francotiradores que acechan en los rincones oscuros y navegar r√°pidamente por las explosiones de flash.CONTROL OPTIMIZADOControle f√°cilmente la configuraci√≥n de la pantalla con unos pocos clics utilizando el software OnScreen Control. Tambi√©n puede dividir f√°cilmente toda el √°rea de visualizaci√≥n con Screen Split.SOLUCI√ìN F√ÅCIL Y C√ìMODAEsta pantalla tiene un bisel delgado en tres lados, lo que le permite crear un entorno de trabajo adecuado a trav√©s de un conveniente ajuste de inclinaci√≥n.",5,"Excelente. Execelente pantalla por el precio, la calidad y opciones como el free sync, modo de nitidez o el modo juego lo hacen una excelente pantalla adem√°s de los 100hz.
El panel ips si se puede ver y la fidelidad de los colores no puede ser mejor en juegos como cyberpunk 2077. Muy bueno y bonito , totalmente recomendado."
Samsung Galaxy A55 5G Dual SIM 256 GB rosa 8 GB RAM,1999900,500,4.9,774,SAMSUNG COLOMBIA,"Capacidad y eficiencia  Con su potente procesador y 8 GB de RAM, su computadora lograr√° un alto rendimiento con una alta velocidad de transmisi√≥n de contenido y ejecutar√° varias aplicaciones al mismo tiempo, sin demoras.   Capacidad de almacenamiento ilimitada  Olv√≠date de borrar. Con su memoria interna de 256 GB puedes descargar todos los archivos y aplicaciones que necesites, guardar fotos y almacenar tus pel√≠culas, series y v√≠deos favoritos para reproducirlos cuando quieras.",5,"Llevo ya casi un mes con √©l y es un excelente producto, es super r√°pido, tiene un mont√≥n de opciones de personalizaci√≥n, todas sus c√°maras son excelentes especialmente para contenido en redes; si es un poco grande pero se acostumbra la mano igual para eso recomiendo accesorios como popsockets o cosas similares; tiene mucho almacenamiento, la bater√≠a le dura todo el d√≠a sin problema, el √∫nico fallo que le veo en cuesti√≥n de bater√≠a es que la carga r√°pida no es tan r√°pida xd y se demora entre 1h 40 minutos a 2h cargando. En conclusi√≥n es un excelente producto, lo amo üíï. (las fotos est√°n sin editar y fueron tomadas con la c√°mara principal de atr√°s y con la frontal). Recib√≠ tal cu√°l lo que quer√≠a, no me quejar√© de alguna especificaci√≥n del celular porque fui consciente de todo antes de la compra. Personalmente, am√© las c√°maras, duraci√≥n de la bater√≠a, precio, one iu 6. 1, color y terminado del celular, esas son s√≥lo algunas de muchas m√°s caracter√≠sticas que hacen valer la pena a este gran dispositivo gama media casi alta.
Para concluir, verifiqu√© la autenticidad del celular y todo bien, recomendado üíó.
*no olviden registrar el imei con su operador de preferencia para evitar bloqueos!!!. "
Aud√≠fonos Inal√°mbricos Wh-ch520 Color Negro,1829900,5000,4.9,3215,DISTRIMAK,"Sony es una de las marcas m√°s reconocidas en el mundo por la fabricaci√≥n de dispositivos de audio. Su gama de aud√≠fonos se caracteriza por brindar siempre una gran experiencia de uso y ofrecer una alta calidad en todos los componentes de sus reproductores. Esto hace que puedas notar un gran sonido desde su primer uso.El formato perfecto para tiEl dise√±o over-ear genera una comodidad insuperable gracias a sus suaves almohadillas. Al mismo tiempo, su sonido envolvente del m√°s alto nivel se convierte en el protagonista de la escena.",5,"Realmente los am√©, llevo us√°ndolos casi un mes y ahora no ando sin ellos, me resist√≠a a usar aud√≠fonos de cable porque me daba pereza cargarlos, pero a pesar de que los uso todo el tiempo, los he tenido que cargar muy poco. Edito video con ellos y aunque no son canceladores de ruido sus espumas son buenas para generar buen enfoque y la distracci√≥n exterior.
Soy muy feliz con ellos, son c√≥modos, tienen buena calidad de sonido. Mejor dicho lalo :) #sonyfan. Son supremamente hermosos, bastante c√≥modos, con un sonido muy bueno, duraci√≥n de la bater√≠a bestial (me ha tardado 4 d√≠as en llegar al 50%) y una conexi√≥n bluetooth muy buena con un buen alcance la √∫nica ""queja"" que tendr√≠a es que al pasar horas con ellos, pueden doler las orejas porque, al no cubrirlas por completo, puede hacer presi√≥n de m√°s, pero son muy ajustables, as√≠ que no tendr√°s problemas, se pueden conectar simult√°neamente a tu celular y tu pc e irlos alternando, otra cosa es que sus almohadillas est√°n hechas de un material como de piel, as√≠ que resulta molesto en un clima caliente porque te sudar√°n las orejas, y por consecuente, se pueden da√±ar las almohadillas, pero en un clima templado o fr√≠o, no tendr√°s ning√∫n inconveniente."
Mesa Portafolio Plegable 180cm Resistente Exterior Jardin Color Blanco,528900,5000,4.8,862,Comprandoando,"La Mesa Portafolio Plegable 180cm Resistente Exterior Jardin Color Blanco de la marca Stay Elit es el complemento perfecto para tu espacio al aire libre. Con un di√°metro de 3 cm, esta mesa es plegable, lo que la hace f√°cil de transportar y almacenar. Su dise√±o rectangular y su color blanco le dan un toque elegante y moderno a cualquier ambiente.Fabricada en pl√°stico resistente, esta mesa es ideal para su uso en exteriores, ya que es resistente a las condiciones clim√°ticas. Su modelo MESA-01 garantiza durabilidad y calidad. Adem√°s, su tama√±o de 180 cm te brinda suficiente espacio para disfrutar de comidas al aire libre con familiares y amigos.No pierdas la oportunidad de adquirir esta pr√°ctica y vers√°til mesa portafolio plegable. Aprovecha su funcionalidad y estilo para crear un espacio acogedor en tu jard√≠n, terraza o patio. ¬°Hazte con la tuya ahora y disfruta de momentos inolvidables al aire libre!",5,"La compr√© para usarla como escritorio ya que no encontraba una mesa en madera con las dimensiones que necesitaba. La mesa es de buena calidad, es muy f√°cil de armar, tal vez los seguros que se ajustan a las patas pudieron ser m√°s sofisticados pero los que trae cumplen su funci√≥n. Tambi√©n se siente estable, no se tambalea ni se siente que se vaya a doblar por el peso. Solo una aclaraci√≥n, de ancho no tiene 74 cm sino 70. Producto 100% recomendado. Es una mesa muy pr√°ctica, buena calidad con relaci√≥n al precio, sin embargo, las medidas de la imagen no coinciden con las reales."
Olla Multifuncional Imusa Multichef Pro 5 Litros,1386900,1000,4.8,99,ARTEZCOM,"Sistema de cocci√≥nEste producto con sistema de cocci√≥n cerrado o a presi√≥n nos ayuda a preparar los alimentos de forma f√°cil y r√°pida.Apagado autom√°ticoSi utilizamos el apagado autom√°tico, nos quedamos con la tranquilidad de que, cuando el alimento est√© listo, se cortar√° la cocci√≥n. Adem√°s, esta funci√≥n te permite realizar otras actividades en simult√°neo.Mantenimiento de calorLa funci√≥n de mantener caliente el alimento nos permite conservar el sabor de reci√©n hecho. Adem√°s, de mantener la calidad de cualquier preparaci√≥n caliente.",5,"Est√©ticamente es una belleza, las funciones y el men√∫ de preparaci√≥n, as√≠ como los videos que se encuentran en youtube, son muy √∫tiles. S√≥lo le falta el bot√≥n de pausa para ser la olla perfecta, porque si uno se equivoca de programa o no tiene tiempo para continuar, toca desconectarla y volver a empezar, aunque no es tanto l√≠o porque se le puede programar el tiempo para que sea menos, si uno ya ha avanzado. Excelente producto f√°cil de manejar y muy pr√°ctica para las personas que somos muy ocupadas."
Pista de carros Hot Wheels S√∫per Remolque de T-Rex color azul/naranja - 3 piezas,144900,5,4.8,459,SONY COLOMBIA,Aviso legal‚Ä¢ Edad m√≠nima recomendada: 4 a√±os.,5,"Soy talla 10 us en todo calzado adidas, sin embargo ped√≠ media talla menos teniendo en cuenta los comentarios y efectivamente me qued√≥ perfecto ya que su orma es m√°s larga y grande. (pidan media menos a talla a la que normalmente usan).
Son s√∫per c√≥modos, livianos, y lindos. Por el precio vale totalmente la pena. Excelente , estoy muy satisfecho con la compra. Se ajustan muy bien y son muy firmes en la elasticidad de los cordones, se siente como si caminara encima de una esponja de lavar platos ü§åüèªüí™üèª."
Tenis Cloudfoam Comfy Con Cordones El√°sticos Ih2966 adidas,167600,1000,4.8,2635,Easyshop Colombia,"Mant√©n tus pies c√≥modos de la ma√±ana a la noche. Estos tenis adidas te permiten moverte con fluidez gracias a su liviana amortiguaci√≥n Cloudfoam. Los cordones el√°sticos los hacen f√°ciles de poner y quitar, mientras que el forro interno suave abraza el pie en su lugar. Elegantes y vers√°tiles, son f√°ciles de incorporar a tu guardarropa y combinan bien con todo, desde shorts de entrenamiento hasta jeans.PREGUNTAS FRECUENTES:ART√çCULOS UNISEX √≥ SIN GENERO‚Ä¢ Para calzado, recomendamos revisar la equivalencia en talla americana, US-M (Masculino) | US-F (Femenino), en la gu√≠a de tallas.‚Ä¢ Para vestuario, las prendas unisex se han dise√±ado y etiquetado seg√∫n las tallas para hombre, pero est√°n pensadas para que las use cualquier persona, independientemente de su g√©nero. Si normalmente no usas tallas para hombre, tal vez tengas que pedir una talla distinta a la que usas habitualmente. Verifica las medidas que aparecen en la gu√≠a de tallas.CAMBIOS Y DEVOLUCIONESSi necesitas hacer una devoluci√≥n, por favor considera los siguientes puntos:‚Ä¢ Tienes hasta 30 d√≠as calendario para poder solicitar tu devoluci√≥n, a partir de la fecha de recepci√≥n de tu art√≠culo.‚Ä¢  Si no recibes el art√≠cilo tienes 21 d√≠as a partir de la fecha de compra para solicitar el reembolso del dinero.‚Ä¢  No hacemos cambios de talla, √∫nicamente reembolsos de tu dinero. ‚Ä¢  No aceptamos devoluciones de cubrebocas, tops deportivos, trajes de ba√±o, bodys, shorts de triatl√≥n, calcetines y ropa interior. ‚Ä¢  El producto debe estar nuevo, sin uso, con etiquetas y su caja original. Preferentemente en una bolsa negra donde el producto no sea visible y sellada.Si cumples estos requisitos, es muy f√°cil iniciar tu devoluci√≥n, ten en cuenta los siguientes puntos:En el detalle de la compra que realizaste tienes que seleccionar las siguientes opciones:1. ‚ÄúNecesito ayuda‚Äù.2. ‚ÄúQuiero devolver el producto?‚Äù3. ""Es lo que compr√© pero no me sirve""4. Finalmente selecciona la opci√≥n acorde a tu caso para poder iniciar el proceso de devoluci√≥n. Mercado Libre generar√° una etiqueta de env√≠o para que puedas imprimir y pegues en el paquete embolsado en su empaque original o en una bolsa negra bien sellada. Deber√°s llevar el paquete a la sucursal del Correo que te indicar√°n en la etiqueta.Una vez que recibamos el paquete, se realizar√° la devoluci√≥n del dinero a tu cuenta de Mercado Pago o lo ver√°s reflejado en tu pr√≥ximo resumen de la tarjeta de cr√©dito.ENV√çOS¬°Tu env√≠o ser√° gratis a partir de $90.000 COP!Nos encargaremos de despachar tu producto en cuanto tu pedido est√© confirmado y podr√°s ver el avance de tu pedido a trav√©s del bot√≥n ""Seguir Env√≠o"". TALLASEs importante que revises la Gu√≠a de Tallas antes de realizar la compra para asegurarte de estar eligiendo el producto adecuado. Para verla, haz clic donde dice ‚ÄúGu√≠a de Tallas‚Äù. PREGUNTAS FRECUENTES ‚Ä¢ ¬øSon productos originales? Somos Tienda Oficial de adidas. Todos nuestros productos son 100% originales. ‚Ä¢ ¬øHacen factura B2B? No, s√≥lo realizamos factura a consumidor final. ‚Ä¢ Garant√≠a: Todos nuestros productos cuentan con garant√≠a de f√°brica por 90 d√≠as. ‚Ä¢ ¬øSe puede retirar los productos en tiendas? La tienda oficial de adidas en Mercado Libre solo realiza env√≠os al cliente. ‚Ä¢ ¬øEl producto est√° disponible? S√≠, todos los productos publicados cuentan con inventario disponible. Podr√°s ver la cantidad en cada publicaci√≥n, seleccionando la talla que buscas.",5,"En tel√©fono por ese precio. Realmente xiaomi lo hace muy bien con esta l√≠nea de tel√©fonos. La c√°mara es lo √∫nico decepcionante pero por lo dem√°s un 10 de 10 y m√°s si lo consiguen con cup√≥n de descuento. Muy bueno, aunque no tenga 5g no importa ya que en varias partes de colombia no hay esa se√±al, adem√°s de tener muy buena conexi√≥n al 4g a comparaci√≥n de mi antiguo celular redmi note 8. La bater√≠a dura mucho y el rendimiento del celular es exelente. Super bonito, es m√°s delgado y viene con una funda negra (adi√≥s a esas fundas transparentes que se honguean con nada) excelente producto, configurandolo desde ya."
Xiaomi Redmi Note 13 4G Dual SIM 256 GB azul 8 GB RAM,434900,1000,4.8,1265,GROUPESEBANDEAN,"Fotograf√≠a profesional en tu bolsilloDescubre infinitas posibilidades para tus fotos con las 3 c√°maras principales de tu equipo. Pon a prueba tu creatividad y juega con la iluminaci√≥n, diferentes planos y efectos para obtener grandes resultados.Adem√°s, el dispositivo cuenta con c√°mara frontal de 16 Mpx para que puedas sacarte divertidas selfies o hacer videollamadas.Experiencia visual incre√≠bleMira tus series y pel√≠culas favoritas con la mejor definici√≥n a trav√©s de su pantalla AMOLED de 6.67"". Disfruta de colores brillantes y detalles precisos en todos tus contenidos.Capacidad y eficienciaCon su potente procesador y memoria RAM de 8 GB tu equipo alcanzar√° un alto rendimiento con gran velocidad de transmisi√≥n de contenidos y ejecutar√° m√∫ltiples aplicaciones a la vez sin demoras.Desbloqueo facial y dactilarM√°xima seguridad para que solo t√∫ puedas acceder al equipo. Podr√°s elegir entre el sensor de huella dactilar para habilitar el tel√©fono en un toque, o el reconocimiento facial que permite un desbloqueo hasta un 30% m√°s r√°pido.Bater√≠a de duraci√≥n superior¬°Desench√∫fate! Con la s√∫per bater√≠a de 5000 mAh tendr√°s energ√≠a por mucho m√°s tiempo para jugar, ver series o trabajar sin necesidad de realizar recargas.",5,"Excelente. Muy buen sonido predefinido y mejora aun m√°s con la aplicaci√≥n de jbl headphones, los bajos muy buenos. Excelente presentaci√≥n y la duraci√≥n de la bater√≠a genial. Muy buen producto , yo quedo totalmente satisfecho con esta adquisici√≥n , gracias a todos."
"Audifonos Jbl Tune 520, On Ear color negro",352900,1000,4.8,61,Mattel Colombia,"Audifonos JBL Tune 520 BT Bluetooth On EarLos auriculares JBL Tune 520BT transmiten el potente sonido JBL Pure Bass gracias a la √∫ltima tecnolog√≠a 5.3 BT. Estos auriculares, muy f√°ciles de usar, ofrecen hasta 57 horas de puro placer auditivo y 3 horas adicionales de bater√≠a con solo 5 minutos de carga. Descarga la aplicaci√≥n gratuita JBL Headphones y personaliza tu sonido a trav√©s del ecualizador, las indicaciones de voz te ayudar√°n a conocer las prestaciones de los auriculares. Gestiona las llamadas, el sonido y el volumen desde el auricular, todo ello con el c√≥modo control de botones. Si recibes una llamada mientras est√°s viendo un v√≠deo en otro dispositivo, los auriculares JBL Tune 520BT se conectan f√°cilmente a tu m√≥vil. Los auriculares JBL Tune 520BT son ligeros y c√≥modos incluso despu√©s de horas de escucha, ypuedes plegarlos para llev√°rtelos en tu mochila a todas partes.CARACTER√çSTICAS PRINCIPALES:- Especificaciones t√©cnicas- Fuente de alimentaci√≥n: 5 V; 1 A- Respuesta de frecuencia: 20 Hz_x0002_20 kHz- Impedancia: 30 - Sensibilidad: 102 dB SPL a 1 kHz 1 mW- SPL m√°xima: 95 dB- Sensibilidad del micr√≥fono: 29 dBV a 1 kHz/Pa- Temperatura m√°xima de funcionamiento: 45 ¬∞C- Modulaci√≥n del transmisor Bluetooth: GFSK, /4 DQPSK y 8 DPSK- Versi√≥n Bluetooth: 5.3- Versi√≥n del perfil Bluetooth: HFP 1.7.2, AVRCP 1.6.2 y A2DP 1.3.2- Rango de frecuencia del transmisor Bluetooth: 2,4 GHz-2,4835 GHz- Potencia del transmisor Bluetooth: 6 dBm (E.I.R.P)- Tama√±o del driver: driver din√°mico de 33 mm/1,57 in- Altura externa del casco del auricular (cm): 7,34- Altura externa del casco del auricular (in): 2,8897- Ancho externo del casco del auricular (cm): 7,34- Ancho externo del casco del auricular (in): 2,8897- Altura interna del casco del auricular (cm): 3,1- Altura interna del casco del auricular (in): 1,2205- Ancho interno del casco del auricular (cm): 3,1- Ancho interno del casco del auricular (in): 1,2205- Profundidad del casco del auricular (cm): 1,78- Tipo de bater√≠a de los auriculares: bater√≠a de ion de litio (3,7 V/450 mAh)- Tiempo de carga: 2 horas- Tiempo de reproducci√≥n con BT: hasta 57 horas- Modelo: JBLT520BTBLKAM",5,"Respecto a la relaci√≥n calidad/precio, considero que este port√°til es inigualable.
Hasta donde he podido probarlo, debo decir que el sonido es excelente y velocidad de procesamiento es bastante buena.
Aunque la c√°mara y la calidad de la pantalla dejan mucho que desear. Pero por el precio, no podemos exigir mucho al respecto.
A√∫n as√≠, es un producto incre√≠ble si lo usar√°s trabajos de oficina y/o estudios.
**ten en cuenta que no viene con windows licenciado, por lo que tendr√°s que comprar una key para licenciarlo. **.
Espero que esta descripci√≥n te ayude un poco. Todo excelente."
Port√°til Lenovo Ryzen 5 5500u Ram 24gb Ssd 512gb Fhd,174965,100,4.7,1358,ADIDASCOLOMBIALTDAPP,"======-- DISTRIMAK.CO --======Port√°til Lenovo Ryzen 5 5500u RAM 24gb Solido 512gb 15.6""Un maestro de la multitareaTrabaja de manera Smart y sin problemas todos los d√≠as en m√∫ltiples aplicaciones a la vez durante tus desplazamientos con el s√≥lido rendimiento de hasta los √∫ltimos procesadores AMD y gran capacidad de memoria, mejorado por el rendimiento adaptativo de Smart Power. Almacena y accede r√°pidamente a tu enorme biblioteca de archivos multimedia con gran capacidad de almacenamiento SSD.IA que mejora tu experienciaEl aprendizaje m√°s Smart comienza con funciones m√°s Smart impulsadas por Lenovo AI Engine. Maximiza el rendimiento, la duraci√≥n de la bater√≠a y las temperaturas t√©rmicas en funci√≥n de lo que est√©s haciendo con la funci√≥n adaptativa Smart Power. Todo ello mientras mejoras la conectividad a trav√©s de Smart Wireless. Protege tu ordenador frente a da√±os con funciones de seguridad integradas como Natural File Guard mientras minimizas el ruido de fondo con la cancelaci√≥n de ruido.======|| ESPECIFICACIONES DETALLADAS ||======CONDICIONESProducto NuevoMarca LENOVOColor Abyss Blue PROCESADOR:AMD Ryzen 5 5500U6 NUCLEOS / 12 HILOSFRECUENCIA BASE 2.1 GHzFREC. MAX 4.0 GHzMEMORIA TOTAL24gb de Ram ALMACENAMIENTO:Disco Solido M.2 PCIe de 512 GBTARJETA DE V√çDEO:Gr√°ficos AMD Radeon integradosPANTALLA:15.6"" FHD (1920x1080) TN 220nits Antirreflejos-Sistema operativo: Se env√≠a con Windows y Office INSTALADOS NO ACTIVADOS.PUERTOS:1x USB 2.01x USB 3.2 Gen 11x USB-C¬Æ 3.2 Gen 1 (solo admite transferencia de datos)1x HDMI¬Æ 1.4b1x conector combinado de auriculares/micr√≥fono (3,5 mm)1x Lector de tarjetas1x Conector de alimentaci√≥nDIMENSIONES:360,2 x 236 x 17,9 mm (14,18 x 9,29 x 0,70 pulgadas)A partir de 1,61 kg (3,55 libras)C√ÅMARA:HD 720p con obturador de privacidadAUDIO Y PARLANTES:Altavoces est√©reo, 1,5 W x2, Dolby¬Æ Audio‚Ñ¢TECLADO:Sin Iluminaci√≥n, Espa√±ol con √ëCONECTIVIDAD:Sin Ethernet integradoWiFi + Bluetooth11ac 2x2+BT5.1MATERIALPC-ABS (Arriba)PC-ABS (Abajo)BATERIA PRINCIPAL:Capacidad de la bater√≠a: 42 WhALIMENTACI√ìNPunta redonda de 65 W (3 pines)======|| GARANT√çA Y M√ÅS ||======GARANT√çA1 a√±o de garant√≠a por defectos de fabricaci√≥n directamente con LENOVO.*Conservando empaques originales. No cubre da√±os ocasionados por golpes o mal uso del producto_____________________________",5,"Bueno pero el vaso no es de 1. 75 es m√°s peque√±o. Esta bonita la licuadora pero el material pl√°stico no se ve muy resistente de mala calidad, el cable es muy delgado no creo que aguante mucho y adem√°s dise que la capacidad es de 1. 75 y viene de 1. 25."
Licuadora Imusa Infiny Force 10 1.75 L gris con vaso de vidrio 120V,604700,5000,5.0,2,XINGTEC,"Un electrodom√©stico infaltable en tu casa. La licuadora Imusa Infiny Force 10 te ayudar√° a obtener resultados incre√≠bles en todo lo que prepares, ya sea que quieras disfrutar de una bebida bien fr√≠a, de salsas y sopas, o de postres deliciosos. ¬°Tenla siempre a mano! Pr√°ctica y seguraSu funci√≥n pulsar te permite poner en marcha el producto de forma intermitente seg√∫n lo necesites o de acuerdo al contenido del vaso. Su cierre de seguridad impide accidentes por descuidos y preserva la limpieza de tu cocina al evitar derrames.Todo lo que m√°s te gustaEs apta para moler hielo en segundos y preparar smoothies refrescantes en los d√≠as de calor. Adem√°s, puedes hacer tus propios tragos de cocteler√≠a en casa sin necesidad de ir a un bar. Ahora el bartender ¬°eres t√∫!Siempre limpiaSu cuchilla removible asegura que el lavado sea impecable y evita la acumulaci√≥n de residuos que podr√≠an perjudicar el sabor de los alimentos.",5,
Consola Playstation 5¬Æ Digital Pro 2tb,132900,25,4.5,71,IXCOMERCIO COLOMBIA,"Consola PlayStation 5¬Æ Digital PRO 2TBDisfruta de los juegos de PS5¬Æ con los gr√°ficos m√°s impresionantes nunca vistos en una consola PlayStation.POTENCIAL DE JUEGO DESATADOCon PlayStation¬Æ5 Pro, los creadores de juegos m√°s importantes pueden mejorar sus juegos con incre√≠bles funciones como trazado de rayos avanzado, claridad de imagen supern√≠tida para TV 4K y partidas con alta velocidad de fotogramas*.PlayStation¬Æ Spectral Super Resolution (PSSR)Obt√©n una claridad de imagen supern√≠tida en tu TV 4K gracias a la resoluci√≥n mejorada con IA para jugar en ultraalta definici√≥n con un nivel de detalle asombroso*.Rendimiento optimizado de la consolaAlcanza velocidades de fotogramas m√°s altas y constantes para disfrutar partidas fluidas gracias a la compatibilidad con pantallas de 60 Hz y 120 Hz*.Trazado de rayos avanzadoExperimenta un realismo de nivel superior con reflejos de trazado de rayos, sombras e iluminaci√≥n global de alta calidad mientras exploras los asombrosos mundos de los juegos*.Juegos mejorados para PS5 ProExperimenta estos incre√≠bles t√≠tulos de PS5, mejorados con el poder de PS5 Pro para mejorar los efectos visuales y el rendimiento*.Juega a 60 fps o hasta 120 fps con salida 4K y trazado de rayos para juegos compatiblesCon la potencia de la PS5 Pro, los juegos compatibles se pueden reproducir a 60 fps o hasta 120 fps con el trazado de rayos y la resoluci√≥n 4K mejorada con IA mediante PSSR, todo al mismo tiempo, en tu TV 4K.S√© testigo del verdadero poder de los juegos Con PlayStation¬Æ5 ProLos creadores de juegos m√°s importantes pueden mejorar sus juegos con incre√≠bles funciones como trazado de rayos avanzado, claridad de imagen supern√≠tida para TV 4K y partidas con alta velocidad de fotogramas. Esto significa que puedes jugar t√≠tulos de PS5¬Æ con las im√°genes m√°s impresionantes posibles en una consola PlayStation¬Æ. Superresoluci√≥n espectral PlayStation¬Æ (PSSR): Obt√©n una claridad de imagen supern√≠tida en tu TV 4K gracias a la resoluci√≥n mejorada con IA para jugar en ultra alta definici√≥n con un nivel de detalle asombroso Trazado de rayos Avanzado Experimenta un realismo de nivel superior con reflejos de trazado de rayos, sombras e iluminaci√≥n global de alta calidad mientras exploras los asombrosos mundos de los juegos 2TB de almacenamiento Mant√©n tus t√≠tulos favoritos listos para jugar con un 2TB de almacenamiento SSD incorporado.2 TB de almacenamientoMant√©n tus juegos favoritos listos y disponibles para jugarlos de inmediato con el almacenamiento SSD de 2 TB integradoConectividad inal√°mbrica online de √∫ltima generaci√≥nLa PS5 Pro es compatible con capacidades mejoradas de conexi√≥n inal√°mbrica con un ancho de banda m√°s utilizable para aumentar las velocidades de transferencia con IEEE 802.11be y tu router compatible, lo que significa que puedes experimentar una menor latencia y una mayor estabilidad cuando juegues online.Retrocompatibilidad y Game Boost de la PS5ProCon la consola PS5¬Æ Pro puedes jugar m√°s de 8500 t√≠tulos de PS4¬Æ o PS5¬Æ. Con la funci√≥n Game Boost de la PS5 Pro, puedes disfrutar de velocidades de fotogramas m√°s r√°pidas y fluidas en algunos de los mejores juegos de las consolas PS4 y PS55.SSD de velocidad ultraaltaSaca el m√°ximo provecho de tus sesiones de juego con tiempos de carga instant√°neos para los juegos instalados en la PS5.E/S integradasLa integraci√≥n personalizada de los sistemas de la consola PS5 Pro permite a los creadores obtener datos desde la SSD tan r√°pido que pueden dise√±ar juegos de maneras que no eran posibles antes.V√≠vidos colores y gr√°ficos n√≠tidos en 4KLos intrincados detalles cobran vida en tu TV 4K y en los juegos de PS5 compatibles. En TV HDR, los juegos compatibles con la PS5 se ven en una gama de colores incre√≠blemente intensos y realistas.Tecnolog√≠a de audio 3D TempestSum√©rgete en paisajes sonoros que te permitir√°n disfrutar del sonido como si viniese de todas direcciones.Tu entorno realmente cobra vida con Tempest 3D AudioTech2 en juegos compatibles.",5,Ten√≠a el xb43 lo vend√≠ para comprar este y en verdad este modelo mejor√≥ mucho el sonido la potencia me gust√≥ mucho recomendado. 
